time,open,high,low,close,volume,trades,closed
2026-09-26T00:00:00+00:00,122.1,122.42,121.17,121.48,653130.34,84564,
2026-09-26T01:00:00+00:00,121.47,122.25,121.43,122.01,470621.66,78760,
2026-09-26T02:00:00+00:00,122.01,122.25,121.5,121.52,443380.36,71559,
2026-09-26T03:00:00+00:00,121.53,121.54,120.48,120.56,834653.35,95659,
2026-09-26T04:00:00+00:00,120.56,120.91,120.18,120.61,402452.33,59316,
2026-09-26T05:00:00+00:00,120.62,120.7,120.14,120.45,331656.01,47023,
2026-09-26T06:00:00+00:00,120.44,120.48,120.07,120.16,356514.81,46330,
2026-09-26T07:00:00+00:00,120.15,120.75,120.1,120.7,444669.56,42633,
2026-09-26T08:00:00+00:00,120.7,121.22,120.24,120.65,497338.37,52515,
2026-09-26T09:00:00+00:00,120.64,120.67,119.78,119.94,695528.01,73350,
2026-09-26T10:00:00+00:00,119.94,120.67,119.9,120.59,435709.71,48823,
2026-09-26T11:00:00+00:00,120.59,121.43,120.23,121.24,670715.73,63246,
2026-09-26T12:00:00+00:00,121.23,121.53,120.86,121.01,529457.17,61519,
2026-09-26T13:00:00+00:00,121.01,121.29,120.2,120.72,644907.27,65478,
2026-09-26T14:00:00+00:00,120.73,121.07,120.55,120.9,331741.19,45418,
2026-09-26T15:00:00+00:00,120.89,122.09,120.73,121.83,917098.1,78435,
2026-09-26T16:00:00+00:00,121.83,121.84,121.33,121.59,339101.45,44931,
2026-09-26T17:00:00+00:00,121.58,121.59,120.78,121.44,630097.45,61266,
2026-09-26T18:00:00+00:00,121.44,121.63,120.75,120.99,356074.7,46355,
2026-09-26T19:00:00+00:00,120.99,121.25,120.71,121.08,253287.32,34641,
2026-09-26T20:00:00+00:00,121.09,121.54,119.99,120.28,837119.67,94478,
2026-09-26T21:00:00+00:00,120.29,121.68,120.21,121.25,677963.59,75640,
2026-09-26T22:00:00+00:00,121.25,121.8,121.01,121.08,306498.71,50477,
2026-09-26T23:00:00+00:00,121.09,121.79,121.05,121.34,289219.48,41911,
2026-09-27T00:00:00+00:00,121.35,121.39,120.63,120.78,301726.76,44599,
2026-09-27T01:00:00+00:00,120.77,121.53,120.6,121.38,294687.69,58786,
2026-09-27T02:00:00+00:00,121.37,121.65,121.02,121.09,311562.26,50644,
2026-09-27T03:00:00+00:00,121.1,121.34,120.5,120.53,427045.04,54405,
2026-09-27T04:00:00+00:00,120.53,120.81,120.04,120.09,463541.13,61247,
2026-09-27T05:00:00+00:00,120.1,121.44,120.05,121.04,676266.73,78119,
2026-09-27T06:00:00+00:00,121.04,121.54,121.04,121.29,420577.51,61327,
2026-09-27T07:00:00+00:00,121.28,124.43,121.26,124.09,1667021.52,170287,
2026-09-27T08:00:00+00:00,124.09,124.99,123.92,124.07,1831341.36,176049,
2026-09-27T09:00:00+00:00,124.06,124.48,123.32,124.4,958411.05,120903,
2026-09-27T10:00:00+00:00,124.4,124.76,123.81,123.95,654044.65,82808,
2026-09-27T11:00:00+00:00,123.96,124.18,123.61,123.86,499509.99,64834,
2026-09-27T12:00:00+00:00,123.87,124.38,123.28,123.29,477085.75,61599,
2026-09-27T13:00:00+00:00,123.29,123.64,122.28,123.11,1573912.42,168836,
2026-09-27T14:00:00+00:00,123.12,123.15,121.31,121.62,1385370.22,157185,
2026-09-27T15:00:00+00:00,121.63,121.84,121.18,121.68,807389.65,121995,
2026-09-27T16:00:00+00:00,121.68,122.29,121.63,121.77,565795.81,94257,
2026-09-27T17:00:00+00:00,121.77,122.12,121.66,122.0,266435.97,57853,
2026-09-27T18:00:00+00:00,122.0,123.25,121.87,123.22,597403.71,80684,
2026-09-27T19:00:00+00:00,123.22,123.37,122.79,122.96,463256.27,72033,
2026-09-27T20:00:00+00:00,122.96,123.39,122.43,122.65,560326.68,67310,
2026-09-27T21:00:00+00:00,122.64,123.24,122.08,122.78,441786.45,64483,
2026-09-27T22:00:00+00:00,122.78,122.98,120.88,121.36,1247033.13,153057,
2026-09-27T23:00:00+00:00,121.36,122.17,121.28,121.94,533323.93,78074,
2026-09-28T00:00:00+00:00,121.95,122.88,121.37,121.6,969577.3,157095,
2026-09-28T01:00:00+00:00,121.59,122.18,120.25,120.65,1386693.81,207538,
2026-09-28T02:00:00+00:00,120.65,121.4,119.74,120.0,1073542.87,159670,
2026-09-28T03:00:00+00:00,120.0,120.38,119.35,119.82,786485.6,133857,
2026-09-28T04:00:00+00:00,119.82,120.19,119.13,119.91,633301.58,104790,
2026-09-28T05:00:00+00:00,119.92,120.13,118.04,119.09,1327713.63,156306,
2026-09-28T06:00:00+00:00,119.09,119.43,118.09,118.68,942165.49,106606,
2026-09-28T07:00:00+00:00,118.68,119.1,117.66,117.99,774663.1,114977,
2026-09-28T08:00:00+00:00,117.99,118.57,117.92,118.28,593800.79,90895,
2026-09-28T09:00:00+00:00,118.29,118.67,117.51,117.72,1074160.62,132286,
2026-09-28T10:00:00+00:00,117.72,118.72,117.72,118.4,655346.72,94392,
2026-09-28T11:00:00+00:00,118.41,118.8,118.33,118.66,551403.22,80851,
2026-09-28T12:00:00+00:00,118.66,120.21,118.43,119.97,1288234.15,162305,
2026-09-28T13:00:00+00:00,119.97,120.35,119.31,119.8,1029468.71,155512,
2026-09-28T14:00:00+00:00,119.79,119.8,117.3,118.03,2152328.49,254385,
2026-09-28T15:00:00+00:00,118.03,118.8,117.42,118.65,1448701.38,189148,
2026-09-28T16:00:00+00:00,118.65,120.36,118.21,119.25,1660419.87,187779,
2026-09-28T17:00:00+00:00,119.24,120.71,118.52,119.68,1372608.43,171061,
2026-09-28T18:00:00+00:00,119.69,120.08,119.28,119.9,494340.69,80277,
2026-09-28T19:00:00+00:00,119.91,119.94,117.91,118.32,875838.52,109620,
2026-09-28T20:00:00+00:00,118.32,119.01,118.07,118.78,471285.85,69155,
2026-09-28T21:00:00+00:00,118.78,119.09,117.62,117.66,438815.07,60701,
2026-09-28T22:00:00+00:00,117.66,118.57,117.19,118.54,574987.72,75629,
2026-09-28T23:00:00+00:00,118.54,118.94,118.5,118.82,387350.77,52937,
2026-09-29T14:00:00+00:00,120.54,120.74,120.27,120.66,132343.24000001026,20801,False
