cost_mult,family,trades,total_return,return_trade,win_rate,profit_factor,max_drawdown,sharpe,positive_months,positive_years
1.0,Breakout,139.0,-0.4514737756265875,-0.0032480127742919966,0.460431654676259,0.7446528168304374,-0.4926970262117311,-9.560274185709444,0.0,0.0
1.0,Breakout_VolExp,34.0,-0.12041264878331694,-0.0035415484936269686,0.38235294117647056,0.7039040302091721,-0.24901385170376172,-10.031706049297036,1.0,0.0
1.0,Donchian,139.0,-0.4514737756265875,-0.0032480127742919966,0.460431654676259,0.7446528168304374,-0.4926970262117311,-9.560274185709444,0.0,0.0
1.0,MeanReversion_RSI,436.0,-2.3632982045625437,-0.00542040872606088,0.41743119266055045,0.5925251567153965,-3.527912366274907,-16.391212930710275,0.0,0.0
1.0,Momentum,1046.0,-0.5790343358696791,-0.0005535701107740719,0.48661567877629064,0.9538008220790819,-3.5714425208252774,-1.5076052740613952,0.0,0.0
1.0,Pullback,211.0,1.1819896508565009,0.0056018466865237005,0.6255924170616114,1.805368861465982,-0.6093863391083884,20.02000658744183,1.0,1.0
1.0,RSI_Range,111.0,-0.9583742868090153,-0.008634002583865003,0.2882882882882883,0.2609197417040728,-1.0232550301815115,-39.11176598516694,0.0,0.0
1.0,RangeTrading,207.0,-0.8829865790012066,-0.004265635647348824,0.463768115942029,0.6603214358786055,-1.4629421245432022,-13.792427193383059,0.0,0.0
1.0,TrendFollowing,25.0,-0.10192906023586722,-0.004077162409434689,0.48,0.6902586268431028,-0.1800335192475208,-11.078113946077742,0.0,0.0
1.0,Trend_Pullback,211.0,1.1819896508565009,0.0056018466865237005,0.6255924170616114,1.805368861465982,-0.6093863391083884,20.02000658744183,1.0,1.0
1.0,VWAP,1297.0,-2.4065363375877897,-0.0018554636373074708,0.47417116422513494,0.8459414751091606,-5.3070466114759105,-5.332628414841246,0.0,0.0
1.0,VolatilityExpansion,93.0,-0.5255896045317934,-0.005651501123997778,0.40860215053763443,0.5490555865238461,-0.5827742896601013,-18.112051186868378,1.0,0.0
1.5,Breakout,139.0,-0.5425237756265875,-0.003903048745515018,0.43884892086330934,0.7016000744816641,-0.5602575046296326,-11.48825706325192,0.0,0.0
1.5,Breakout_VolExp,34.0,-0.141812648783317,-0.004170960258332853,0.3235294117647059,0.6628056878891475,-0.2550138517037618,-11.807789621892859,0.0,0.0
1.5,Donchian,139.0,-0.5425237756265875,-0.003903048745515018,0.43884892086330934,0.7016000744816641,-0.5602575046296326,-11.48825706325192,0.0,0.0
1.5,MeanReversion_RSI,436.0,-2.646298204562544,-0.00606949129486822,0.4013761467889908,0.556483472814568,-3.7835123662748993,-18.349245222625772,0.0,0.0
1.5,Momentum,1046.0,-1.2872343358696794,-0.001230625560104856,0.4732313575525813,0.9002183205173347,-3.6818425208252723,-3.3514705786032932,0.0,0.0
1.5,Pullback,211.0,1.0419896508565005,0.00493833957751896,0.6018957345971564,1.6834428373268935,-0.623786339108388,17.637750929027668,1.0,1.0
1.5,RSI_Range,111.0,-1.030974286809015,-0.009288056637919054,0.26126126126126126,0.23569988592684768,-1.0870550301815114,-42.0581810823889,0.0,0.0
1.5,RangeTrading,207.0,-1.0169365790012064,-0.004912737096624186,0.45410628019323673,0.6193672680108152,-1.574615985033854,-15.881940567412816,0.0,0.0
1.5,TrendFollowing,25.0,-0.11947906023586721,-0.004779162409434688,0.4,0.6476292801045138,-0.19113351924752076,-12.982138752069908,0.0,0.0
1.5,Trend_Pullback,211.0,1.0419896508565005,0.00493833957751896,0.6018957345971564,1.6834428373268935,-0.623786339108388,17.637750929027668,1.0,1.0
1.5,VWAP,1297.0,-3.273736337587791,-0.0025240835293660687,0.45952197378565923,0.7964377554123417,-6.002246611475892,-7.25406803257629,0.0,0.0
1.5,VolatilityExpansion,93.0,-0.5845396045317932,-0.006285372091739712,0.3763440860215054,0.5134736911781952,-0.6363242896601011,-20.123023746018223,0.0,0.0
2.0,Breakout,139.0,-0.6335737756265876,-0.00455808471673804,0.4172661870503597,0.661233430359086,-0.6495075046296324,-13.41615266941975,0.0,0.0
2.0,Breakout_VolExp,34.0,-0.16321264878331698,-0.004800372023038735,0.3235294117647059,0.6248559019421078,-0.2610138517037618,-13.581823355320525,0.0,0.0
2.0,Donchian,139.0,-0.6335737756265876,-0.00455808471673804,0.4172661870503597,0.661233430359086,-0.6495075046296324,-13.41615266941975,0.0,0.0
2.0,MeanReversion_RSI,436.0,-2.929298204562544,-0.006718573863675559,0.3830275229357798,0.5228236705041934,-4.039112366274901,-20.306161718943915,0.0,0.0
2.0,Momentum,1046.0,-1.995434335869679,-0.0019076810094356396,0.4588910133843212,0.8497202369881067,-3.792242520825277,-5.195259929201743,0.0,0.0
2.0,Pullback,211.0,0.9019896508565011,0.004274832468514223,0.6018957345971564,1.56998897798319,-0.6381863391083882,15.258348280629786,1.0,1.0
2.0,RSI_Range,111.0,-1.103574286809016,-0.009942110691973116,0.24324324324324326,0.2134410307935724,-1.1524275877938113,-45.00180943046611,0.0,0.0
2.0,RangeTrading,207.0,-1.1508865790012062,-0.005559838545899547,0.42995169082125606,0.5809093675348826,-1.6873659850338572,-17.970627512211564,0.0,0.0
2.0,TrendFollowing,25.0,-0.1370290602358672,-0.005481162409434688,0.4,0.6081772293391474,-0.20223351924752075,-14.885067913735911,0.0,0.0
2.0,Trend_Pullback,211.0,0.9019896508565011,0.004274832468514223,0.6018957345971564,1.56998897798319,-0.6381863391083882,15.258348280629786,1.0,1.0
2.0,VWAP,1297.0,-4.14093633758779,-0.0031927034214246646,0.4494988434849653,0.7498559133400611,-6.6974466114759,-9.17535874445843,0.0,0.0
2.0,VolatilityExpansion,93.0,-0.6434896045317933,-0.006919243059481648,0.3548387096774194,0.48071794208619856,-0.6898742896601011,-22.129854318832212,0.0,0.0
