signal,bars,n,fav_first,adv_first,fav_pct,adv_pct
breakout n=20,1,446,127,177,0.3430493273542601,0.4484304932735426
breakout n=20,2,446,146,203,0.3968609865470852,0.5336322869955157
breakout n=20,3,446,157,217,0.43946188340807174,0.5739910313901345
breakout n=20,4,446,161,228,0.4641255605381166,0.6053811659192825
breakout n=20,5,446,169,233,0.5067264573991032,0.6300448430493274
breakout n=20,6,446,171,236,0.5336322869955157,0.6524663677130045
donchian n=20 vol=0.0,1,393,90,162,0.24936386768447838,0.42493638676844786
donchian n=20 vol=0.0,2,393,112,187,0.3256997455470738,0.5063613231552163
donchian n=20 vol=0.0,3,393,125,203,0.3791348600508906,0.5623409669211196
donchian n=20 vol=0.0,4,393,137,212,0.4198473282442748,0.6030534351145038
donchian n=20 vol=0.0,5,393,144,217,0.45038167938931295,0.6310432569974554
donchian n=20 vol=0.0,6,393,149,220,0.4732824427480916,0.6437659033078881
donchian n=20 vol=1.5,1,133,25,66,0.22556390977443608,0.518796992481203
donchian n=20 vol=1.5,2,133,32,74,0.2932330827067669,0.5939849624060151
donchian n=20 vol=1.5,3,133,34,78,0.3308270676691729,0.6240601503759399
donchian n=20 vol=1.5,4,133,35,82,0.3533834586466165,0.6616541353383458
donchian n=20 vol=1.5,5,133,36,83,0.37593984962406013,0.6691729323308271
donchian n=20 vol=1.5,6,133,36,85,0.39097744360902253,0.6842105263157895
donchian n=50 vol=1.5,1,323,83,139,0.3126934984520124,0.49226006191950467
donchian n=50 vol=1.5,2,323,98,155,0.38080495356037153,0.5572755417956656
donchian n=50 vol=1.5,3,323,104,168,0.4117647058823529,0.5975232198142415
donchian n=50 vol=1.5,4,323,106,172,0.43343653250773995,0.6160990712074303
donchian n=50 vol=1.5,5,323,109,176,0.4551083591331269,0.6346749226006192
donchian n=50 vol=1.5,6,323,113,179,0.47987616099071206,0.6439628482972136
pullback rsi=35,1,341,82,131,0.28152492668621704,0.41642228739002934
pullback rsi=35,2,341,101,153,0.3489736070381232,0.4868035190615836
pullback rsi=35,3,341,119,164,0.40762463343108507,0.5278592375366569
pullback rsi=35,4,341,129,167,0.45161290322580644,0.5454545454545454
pullback rsi=35,5,341,136,173,0.4897360703812317,0.5689149560117303
pullback rsi=35,6,341,140,175,0.5102639296187683,0.592375366568915
pullback rsi=40,1,416,56,181,0.15865384615384615,0.44471153846153844
pullback rsi=40,2,416,84,215,0.24759615384615385,0.53125
pullback rsi=40,3,416,102,233,0.31490384615384615,0.5913461538461539
pullback rsi=40,4,416,116,244,0.37740384615384615,0.6322115384615384
pullback rsi=40,5,416,125,247,0.4182692307692308,0.6466346153846154
pullback rsi=40,6,416,134,253,0.4543269230769231,0.6706730769230769
vwap n=48 k=3.0,1,144,30,50,0.2569444444444444,0.375
vwap n=48 k=3.0,2,144,37,58,0.3263888888888889,0.4375
vwap n=48 k=3.0,3,144,42,66,0.3888888888888889,0.5
vwap n=48 k=3.0,4,144,50,68,0.4444444444444444,0.5208333333333334
vwap n=48 k=3.0,5,144,52,69,0.4583333333333333,0.5277777777777778
vwap n=48 k=3.0,6,144,54,72,0.4791666666666667,0.5555555555555556
