n,mean,median,win,pf,dd,TP,SL,TIME,mode,symbol,interval
539,-0.001148219184410086,-0.0030822634235985183,0.4174397031539889,0.6357699186419967,-0.4807274772185902,208,277,54,B1_ALL,BTCUSDT,15m
149,-0.0013557320639041664,-0.002483117295676184,0.348993288590604,0.34098340128982724,-0.1922982291990426,50,90,9,B1_ALL,BTCUSDT,5m
302,-0.0007066657797423207,-0.0031888289954726803,0.4503311258278146,0.8488792502853437,-0.23814421048348844,123,141,38,B1_ALL,ETHUSDT,15m
254,-0.0009933998885725986,-0.0031496698828935013,0.3779527559055118,0.6573243780452726,-0.23230764184619823,94,150,10,B1_ALL,ETHUSDT,5m
210,-0.0022960893841130364,-0.005874136547640073,0.37142857142857144,0.5994208595911615,-0.4004183588530936,71,120,19,B1_ALL,SOLUSDT,15m
144,-0.0018361135040180965,-0.0027529985593859876,0.4722222222222222,0.49822401362094804,-0.24641852874620684,60,64,20,B1_ALL,SOLUSDT,5m
229,-0.0010414191845292194,-0.003371385168128848,0.4017467248908297,0.6889998356508157,-0.24052270414229393,88,120,21,GAP0,BTCUSDT,15m
72,-0.00141216042227333,-0.002487422937759886,0.3333333333333333,0.32235984877316465,-0.10811405166450805,22,44,6,GAP0,BTCUSDT,5m
71,0.0014057025918250124,0.0032224208161263377,0.5633802816901409,1.408816056204786,-0.05009559858195156,35,28,8,GAP0,ETHUSDT,15m
98,-0.0004503688225781867,-0.0032488151869780593,0.3979591836734694,0.8390433234949676,-0.10242890235492808,39,54,5,GAP0,ETHUSDT,5m
83,-0.0014621915626163915,-0.005653263556889886,0.42168674698795183,0.7326821786905862,-0.13285698703002002,31,43,9,GAP0,SOLUSDT,15m
70,-0.002135094050389268,-0.003169465353266009,0.44285714285714284,0.4209437742033574,-0.15188681846309893,27,30,13,GAP0,SOLUSDT,5m
259,-0.0011321186386759688,-0.003376547877538937,0.4092664092664093,0.6624943611871789,-0.2812984083742712,100,135,24,GAP10,BTCUSDT,15m
87,-0.0014752789257934961,-0.0025511848061716682,0.3333333333333333,0.30677787248635774,-0.12721721058055557,27,54,6,GAP10,BTCUSDT,5m
187,-0.00034726685966133164,-0.003537637360158773,0.46524064171123,0.9269842566806021,-0.2132123020312474,78,87,22,GAP10,ETHUSDT,15m
115,-0.00040598255146741946,-0.0031524809797416333,0.41739130434782606,0.849012269443085,-0.11419640078325088,48,62,5,GAP10,ETHUSDT,5m
116,-0.0018102547096566597,-0.006177560205065546,0.3879310344827586,0.6791116286403571,-0.20780838801379964,39,65,12,GAP10,SOLUSDT,15m
76,-0.0020614701642345068,-0.003169465353266009,0.4473684210526316,0.4409838492588682,-0.15960852570981499,30,33,13,GAP10,SOLUSDT,5m
304,-0.0012060432066038807,-0.0033739665228338924,0.40460526315789475,0.6371749393498548,-0.33265033094854846,117,161,26,GAP25,BTCUSDT,15m
103,-0.0014260852136446422,-0.0025511848061716682,0.34951456310679613,0.3213149903403763,-0.13952260445886888,33,63,7,GAP25,BTCUSDT,5m
212,-0.00032099826766499544,-0.0022212766562031408,0.4716981132075472,0.9304239643500326,-0.22109629037734424,90,97,25,GAP25,ETHUSDT,15m
140,-0.0006074367781898129,-0.0031808597465233226,0.4,0.7805800812485582,-0.13755662722907747,56,79,5,GAP25,ETHUSDT,5m
138,-0.0020952539945570474,-0.006193331376304677,0.37681159420289856,0.6303839528789359,-0.2655659718357142,46,78,14,GAP25,SOLUSDT,15m
86,-0.0016833027297562476,-0.001779308055118444,0.47674418604651164,0.5171927366719848,-0.1496708974319474,36,36,14,GAP25,SOLUSDT,5m
378,-0.0011563841680989051,-0.003232784635146534,0.41005291005291006,0.6382425624436826,-0.38236097880728936,148,195,35,GAP50,BTCUSDT,15m
114,-0.001284028899633917,-0.0024753923292243343,0.3684210526315789,0.3622107241594387,-0.14231478957593569,39,67,8,GAP50,BTCUSDT,5m
245,-0.0003173174897762338,-0.0015723604131423477,0.46530612244897956,0.9301529888837912,-0.2295142417187277,104,111,30,GAP50,ETHUSDT,15m
175,-0.0008895405877915935,-0.003163369581652863,0.38285714285714284,0.6838239587419302,-0.16474135322729166,66,103,6,GAP50,ETHUSDT,5m
157,-0.0021690304090442886,-0.006188332466561807,0.37579617834394907,0.6143406818269559,-0.30282381992216145,53,90,14,GAP50,SOLUSDT,15m
110,-0.0019279597369352636,-0.0027529985593859876,0.4636363636363636,0.4770449168364644,-0.20543656617264516,45,49,16,GAP50,SOLUSDT,5m
539,-0.0015286386055736645,-0.003435036471110097,0.38589981447124305,0.5404396780885135,-0.569023032948913,184,297,58,ORIGINAL,BTCUSDT,15m
149,-0.0013184332899701498,-0.0024369639026556858,0.348993288590604,0.346498067744069,-0.18211023574943697,47,89,13,ORIGINAL,BTCUSDT,5m
302,-0.0011847622210083705,-0.004584426942817465,0.41721854304635764,0.7597440418712966,-0.32315834306291,116,158,28,ORIGINAL,ETHUSDT,15m
254,-0.0013849771784223903,-0.0032930692673474584,0.3464566929133858,0.5417407339652599,-0.3034299606768911,87,160,7,ORIGINAL,ETHUSDT,5m
210,-0.0026101189517042855,-0.006289022340492944,0.3619047619047619,0.5538941976461924,-0.43527785172636513,69,125,16,ORIGINAL,SOLUSDT,15m
144,-0.0020381977858815585,-0.0034000192617784633,0.4513888888888889,0.45565650526538776,-0.26840103932799775,58,67,19,ORIGINAL,SOLUSDT,5m
