n,mean,win,pf,mode,regime,delta_mean,delta_win,delta_pf
317,-0.0015339005359905804,0.3722397476340694,0.5730722205591783,B1_ALL,all,0.00018561603434508688,0.01577287066246058,0.04102335913699984
722,-0.0011772294501686384,0.4155124653739612,0.6929704500893739,B1_ALL,range,0.00046236088797097256,0.037396121883656486,0.09958524632315424
559,-0.0012468762744363801,0.42397137745974955,0.647549084750631,B1_ALL,trend,0.0002606722886498306,0.014311270125223596,0.0602233974890114
160,-0.001495561729086238,0.36875,0.5866904144215138,GAP0,all,0.00022395484124942923,0.012283123028391185,0.054641552999335374
248,-0.000438181579579888,0.45564516129032256,0.8765499466639487,GAP0,range,0.001201408758559723,0.07752881780001786,0.2831647428977291
215,-0.0009644250190174481,0.413953488372093,0.6986581362478452,GAP0,trend,0.0005431235440687627,0.004293381037567046,0.11133244898622563
180,-0.0014458359523828973,0.37777777777777777,0.592469442001631,GAP10,all,0.00027368061795277,0.02131090080616893,0.06042058057945254
355,-0.0007206667427280482,0.4309859154929577,0.8157358473265184,GAP10,range,0.0009189235954115627,0.05286957200265302,0.22235064356029877
305,-0.0012582590289873493,0.419672131147541,0.6692121834555935,GAP10,trend,0.00024928953409886147,0.010012023813015025,0.08188649619397392
216,-0.001503623632126762,0.37037037037037035,0.5778910574719118,GAP25,all,0.0002158929382089054,0.013903493398761513,0.045842196049733386
417,-0.0007264196675950929,0.4364508393285372,0.8090099153734064,GAP25,range,0.0009131706705445181,0.05833449583823247,0.21562471160718677
350,-0.0013509316388168528,0.41714285714285715,0.6415967058528809,GAP25,trend,0.00015661692426935793,0.0074827498083311905,0.054271018591261266
247,-0.0013887681497266203,0.3765182186234818,0.5956498521187089,GAP50,all,0.000330748420609047,0.020051341651872945,0.06360099069653047
515,-0.000933544743795751,0.42718446601941745,0.7543074182123635,GAP50,range,0.0007060455943438599,0.049068122529112745,0.16092221444614385
417,-0.0013086737822635363,0.4196642685851319,0.6425252339021339,GAP50,trend,0.00019887478082267446,0.010004161250605936,0.055199546640514296
