n,mean,win,pf,fold,mode,delta_mean,delta_win,delta_pf
163,-0.0011664814133500552,0.4601226993865031,0.7318382958485709,1,B1_ALL,0.0002846757680690928,0.006134969325153394,0.05797491032587676
68,4.156553923839237e-05,0.5147058823529411,1.0112735678478952,1,GAP0,0.0014927227206575403,0.06071815229159144,0.33741018232520115
76,-0.00027042499660505663,0.4868421052631579,0.9284110372560426,1,GAP10,0.0011807321848140914,0.03285437520180823,0.2545476517333485
95,-0.000500123769873158,0.4842105263157895,0.8681978372847426,1,GAP25,0.00095103341154599,0.0302227962544398,0.19433445176204855
120,-0.0005808693593543257,0.4666666666666667,0.8482114843137247,1,GAP50,0.0008702878220648222,0.012678936605316993,0.17434809879103064
188,-0.002186099386499936,0.3617021276595745,0.5387885952052955,2,B1_ALL,0.00013626285178652527,-0.010638297872340385,0.031430545437862834
50,-0.002614009146025984,0.3,0.2868227852548744,2,GAP0,-0.00029164690773952244,-0.07234042553191489,-0.22053526451255828
137,-0.002371095495570615,0.36496350364963503,0.5467077702867627,2,GAP10,-4.873325728415364e-05,-0.007376921882279841,0.039349720519329945
151,-0.00215852190277252,0.37748344370860926,0.5644773600833499,2,GAP25,0.00016384033551394145,0.0051430181766943805,0.057119310315917216
164,-0.0023446571554341556,0.3597560975609756,0.5298556531408418,2,GAP50,-2.2294917147694122e-05,-0.01258432797093928,0.022497603373409114
267,-0.0012004179582392465,0.4157303370786517,0.6092634815857906,3,B1_ALL,0.0005388633160821454,0.0561797752808989,0.13002049194809162
90,-0.0015479332257775068,0.34444444444444444,0.5038937363813947,3,GAP0,0.0001913480485438851,-0.015106117353308357,0.024650746743695717
129,-0.0016982325245153305,0.35658914728682173,0.5013746480489785,3,GAP10,4.104874980606133e-05,-0.0029614145109310708,0.02213165841127951
149,-0.001518065623963472,0.37583892617449666,0.5294277675703002,3,GAP25,0.00022121565035791995,0.016288364376743858,0.05018477793260123
183,-0.0014927009382776537,0.3989071038251366,0.5319864876847727,3,GAP50,0.0002465803360437381,0.03935654202738381,0.05274349804707379
253,-0.0014851863515552483,0.39920948616600793,0.5361562791025598,4,B1_ALL,0.0004926226955817119,0.023715415019762875,0.10447894194325652
95,-0.0010391405010874986,0.4842105263157895,0.6209569603640797,4,GAP0,0.0009386685460494616,0.10871645516954442,0.18927962320477637
135,-0.0009760267465568902,0.45185185185185184,0.6940195152704537,4,GAP10,0.00100178230058007,0.07635778070560678,0.2623421781111504
153,-0.0011704785597150453,0.43790849673202614,0.6360732680620607,4,GAP25,0.0008073304874219149,0.062414425585781086,0.20439593090275737
190,-0.0013593412858312454,0.41578947368421054,0.5785754728400159,4,GAP50,0.0006184677613057148,0.040295402537965486,0.14689813568071258
163,-0.0011257493917812094,0.4662576687116564,0.7290773057794968,5,B1_ALL,0.0002732657560324029,0.012269938650306733,0.05654388832285229
83,-0.001464942039789406,0.40963855421686746,0.6592650558250069,5,GAP0,-6.59268919757938e-05,-0.044349175844482225,-0.013268361631637582
94,-0.0009890062707192948,0.43617021276595747,0.7623940746037043,5,GAP10,0.00041000887709431743,-0.017817517295392216,0.08986065714705982
108,-0.001122687362529002,0.4351851851851852,0.7403035027172223,5,GAP25,0.00027632778528461016,-0.018802544876164506,0.06777008526057782
123,-0.0011628206226751258,0.44715447154471544,0.7246979393432232,5,GAP50,0.00023619452513848642,-0.006833258516634244,0.05216452188657872
108,0.0006409794677858084,0.4444444444444444,1.1964140322123897,6,B1_ALL,-0.00011745548393162213,0.009259259259259245,-0.043665875467473025
52,0.0019054718122015148,0.46153846153846156,1.6453532141987663,6,GAP0,0.0011470368604840843,0.02635327635327639,0.4052733065189036
61,0.0012551995167789083,0.45901639344262296,1.4062671583450799,6,GAP10,0.0004967645650614778,0.023831208257437786,0.1661872506652171
67,0.0010800131522300013,0.44776119402985076,1.343651991928678,6,GAP25,0.00032157820051257073,0.012576008844665587,0.10357208424881525
75,0.001090656786406128,0.4533333333333333,1.3534372749898906,6,GAP50,0.00033222183468869734,0.018148148148148135,0.11335736731002788
157,-0.0017696157952204815,0.34394904458598724,0.4396052921410355,7,B1_ALL,7.507919092752946e-05,0.02547770700636942,0.016904245487295355
47,-0.0014077397365494279,0.425531914893617,0.5450897137563439,7,GAP0,0.00043695524959858306,0.1070605773139992,0.12238866710260371
58,-0.0009411271190345776,0.4482758620689655,0.6674650591597608,7,GAP10,0.0009035678671134333,0.1298045244893477,0.2447640125060207
75,-0.0012123738427259586,0.41333333333333333,0.5858376705293766,7,GAP25,0.0006323211434220524,0.09486199575371551,0.1631366238756365
105,-0.001277975961063965,0.3904761904761905,0.5577340939436316,7,GAP50,0.000566719025084046,0.07200485289657266,0.13503304728989146
94,-0.002150979078064509,0.30851063829787234,0.6103895618965951,8,B1_ALL,4.077076852618093e-05,-0.010638297872340441,0.01892988245447058
47,-0.000710652095484334,0.3617021276595745,0.8567999094599796,8,GAP0,0.0014810977511063562,0.04255319148936171,0.2653402300178551
52,-0.0010894810414987617,0.34615384615384615,0.7863163083301187,8,GAP10,0.0011022688050919285,0.027004909983633363,0.19485662888799415
64,-0.0019810335388572033,0.296875,0.6326502578786865,8,GAP25,0.0002107163077334868,-0.022273936170212782,0.04119057843656193
76,-0.0020508806873702243,0.3026315789473684,0.6230583313933915,8,GAP50,0.00014086915922046587,-0.016517357222844364,0.03159865195126699
69,-0.00016712822697645069,0.5507246376811594,0.9460802206483273,9,B1_ALL,0.0010541457086008289,0.08695652173913043,0.2653311656286299
27,0.0009753903800143336,0.5925925925925926,1.3440244613356758,9,GAP0,0.0021966643155916133,0.12882447665056357,0.6632754063159784
29,0.0008603431371179763,0.5862068965517241,1.3008345612110017,9,GAP10,0.002081617072695256,0.1224387806096951,0.6200855061913043
36,0.0008708171223956665,0.6111111111111112,1.3261019106432985,9,GAP25,0.0020920910579729462,0.14734299516908217,0.6453528556236011
43,0.0008355835344463303,0.6046511627906976,1.3188893165573803,9,GAP50,0.00205685747002361,0.14088304684866865,0.6381402615376829
76,0.00018352272613654354,0.5263157894736842,1.0774321339125004,10,B1_ALL,0.000773713244463795,0.09210526315789469,0.2958652234169823
33,-0.00018509289737159704,0.45454545454545453,0.9287708316790639,10,GAP0,0.0004050976209556544,0.02033492822966504,0.14720392118354586
35,4.917982910203994e-05,0.4857142857142857,1.020072859255543,10,GAP10,0.0006393703474292914,0.05150375939849622,0.23850594876002496
45,0.0006560715233974113,0.5333333333333333,1.2939406922579861,10,GAP25,0.0012462620417246627,0.09912280701754383,0.5123737817624681
57,0.0009398147294139316,0.5614035087719298,1.4605126621974458,10,GAP50,0.0015300052477411831,0.1271929824561403,0.6789457517019277
60,-0.002399097858452613,0.25,0.3332192418825178,11,B1_ALL,0.0003139294665333303,0.016666666666666663,0.06753942389243711
31,-0.0028245597546929257,0.25806451612903225,0.2746189135449143,11,GAP0,-0.00011153242970698236,0.024731182795698914,0.008939095554833631
34,-0.003019459378372209,0.23529411764705882,0.24408518761399678,11,GAP10,-0.0003064320533862656,0.0019607843137254832,-0.02159463037608389
40,-0.0029017828190742627,0.225,0.24818664839592072,11,GAP25,-0.0001887554940883194,-0.008333333333333331,-0.017493169594159946
43,-0.002838801777024786,0.23255813953488372,0.24290726879534144,11,GAP50,-0.0001257744520388425,-0.0007751937984496193,-0.022772549194739228
