signal,fold,n,mean,median,win,ci_lo,ci_hi
breakout n=20,1,17.0,-0.0010822433990002411,-0.0039119538605535,0.4117647058823529,-0.004179635876375609,0.0019836397610703705
breakout n=20,2,99.0,-0.001419795678707612,-0.0025479438520391,0.46464646464646464,-0.003395359185086297,0.0005586006390640538
breakout n=20,5,132.0,-0.00035408250441089584,-0.0008077579515279999,0.49242424242424243,-0.0015644228226550508,0.0008891438936553471
breakout n=20,6,57.0,0.0006436178999707369,-0.0028621743253565,0.43859649122807015,-0.0010943504991681873,0.002455375494750368
breakout n=20,7,79.0,-0.0014178449000411062,-0.0023702064402958,0.3670886075949367,-0.0022973555104827386,-0.0005477251849482618
breakout n=20,8,48.0,-0.002024653999733341,-0.00492784417075735,0.2708333333333333,-0.004132885504003481,0.00026852521538319065
breakout n=20,10,14.0,-0.0006644484247674642,-0.0015260512926204,0.5,-0.0031409648260227385,0.0018034956127713445
donchian n=20 vol=0.0,1,54.0,-0.00031879291204846895,0.00150687058648885,0.5555555555555556,-0.003041237214312017,0.002502416679643396
donchian n=20 vol=0.0,3,132.0,-0.0011248625782090472,-0.0031539641915298497,0.4015151515151515,-0.0021599264118496173,-9.545084076440118e-05
donchian n=20 vol=0.0,4,127.0,-0.0013917244856599578,-0.0036938287996411,0.41732283464566927,-0.0021823307736116063,-0.0005932053115971172
donchian n=20 vol=0.0,6,12.0,0.010007782401564415,0.0099244500418067,0.75,0.003932328574077884,0.01589877160031271
donchian n=20 vol=0.0,7,37.0,-0.0016363515746373838,-0.0034480110344672,0.24324324324324326,-0.003434964807553741,0.00041176518768093137
donchian n=20 vol=0.0,8,31.0,-0.0010312629560754291,-0.0056084134021487,0.3870967741935484,-0.004803585935277955,0.0031860074480294914
donchian n=20 vol=1.5,3,70.0,-0.0010428327194050263,-0.0030215099349477003,0.34285714285714286,-0.0022675014577080875,0.00019368650292118895
donchian n=20 vol=1.5,6,16.0,-0.0017901693988403061,-0.007512259253322599,0.25,-0.006831390614021905,0.004173375819927643
donchian n=20 vol=1.5,7,21.0,0.0008250650580426142,-0.00358326732433,0.47619047619047616,-0.002179993739544401,0.003906579432370842
donchian n=20 vol=1.5,8,26.0,-0.0035385772279140576,-0.0079460440737039,0.23076923076923078,-0.007408794943250548,0.000639126230734698
donchian n=50 vol=1.5,1,52.0,-0.0005487362434864674,-0.00214079088928505,0.4807692307692308,-0.0026008525480022216,0.001623974199527503
donchian n=50 vol=1.5,3,21.0,-0.002998833032321605,-0.0055475686067152,0.2857142857142857,-0.006012426426780384,0.00039623200208830544
donchian n=50 vol=1.5,4,27.0,-0.0013361093167815153,-0.005449755871121,0.25925925925925924,-0.005002413724508509,0.0028154599488545247
donchian n=50 vol=1.5,5,26.0,0.000980724737991146,-0.0008592779790979001,0.5,-0.0012530179760440216,0.00327319574133641
donchian n=50 vol=1.5,6,24.0,0.0021897258287220957,0.0038668011439796004,0.5416666666666666,-0.0009160983488385514,0.0052891398003929
donchian n=50 vol=1.5,7,58.0,-0.0012731012572748035,-0.00243512472299945,0.2413793103448276,-0.002153592509426246,-0.00035445606900187253
donchian n=50 vol=1.5,8,47.0,-0.0010868833697656789,-0.0035270466353011,0.3404255319148936,-0.0028646022668949002,0.0008012841725729414
donchian n=50 vol=1.5,9,53.0,-0.0005741869203901867,-0.00137613350894,0.49056603773584906,-0.0023954961345870347,0.0013532851994455077
donchian n=50 vol=1.5,10,15.0,-0.0013414130561779998,-0.0044686150817645,0.4666666666666667,-0.004793914290022113,0.002245723096635319
pullback rsi=35,1,24.0,-0.0014431526865857712,-0.0024577063975476,0.375,-0.006241358760067501,0.002907940193898741
pullback rsi=35,2,65.0,-0.0015471691329465723,-0.0032292758497358,0.3076923076923077,-0.0024797716292445184,-0.0005466470496815003
pullback rsi=35,4,61.0,-0.0015188535144833165,-0.0018467598240506,0.36065573770491804,-0.0027105927832964,-0.0002741716664064739
pullback rsi=35,5,7.0,0.0011023144818732,0.0015679674097539,0.8571428571428571,-6.576785178491423e-05,0.0019768560336463573
pullback rsi=35,6,32.0,-0.00135113019239755,-0.0026205509405975,0.28125,-0.0023733336632447834,-0.00020466722536505852
pullback rsi=35,9,63.0,-0.0001759474832535903,-0.0018897969162615,0.4603174603174603,-0.001510427774876034,0.0011773293414100647
pullback rsi=35,10,31.0,0.00027662259360618387,0.001467064688255,0.5806451612903226,-0.0011562404739998032,0.0016490935065587315
pullback rsi=35,11,58.0,-0.0010212543096468705,-0.0016381261849919,0.46551724137931033,-0.0023838691735782167,0.00024038853491074465
pullback rsi=40,1,16.0,-0.002436521217738081,-0.00363817555708845,0.3125,-0.004308055021617166,-0.0004051073545653423
pullback rsi=40,3,44.0,-0.0005414421542438773,-0.001760593513607,0.4090909090909091,-0.0013005442908760028,0.0002620824204592963
pullback rsi=40,5,46.0,-0.0008223450026229978,0.00112224953400635,0.5,-0.004230328730115451,0.0026460846243978203
pullback rsi=40,7,37.0,-0.001050614451113711,-0.0023830874009527,0.43243243243243246,-0.0019718186309626304,-9.730973204715065e-05
pullback rsi=40,8,123.0,-0.0005140612489763723,-0.0029787025051366,0.4634146341463415,-0.001384120134017355,0.00037349532541895936
pullback rsi=40,9,19.0,-0.0007501367269308,-0.0011439485429433,0.47368421052631576,-0.0023061757621127676,0.000782363640342136
pullback rsi=40,10,73.0,-5.833479773059727e-05,-0.0023920985172275,0.3698630136986301,-0.001077477456377081,0.0010511136747429922
pullback rsi=40,11,58.0,-0.0018047343020419038,-0.0030333845793477,0.20689655172413793,-0.002587266519140956,-0.0009828968812926394
vwap n=48 k=3.0,2,24.0,-0.004535706342989517,-0.0073914907363784,0.20833333333333334,-0.007845567543092536,-0.0008141960972842377
vwap n=48 k=3.0,4,47.0,-0.0016649445735706062,-0.003752931014433,0.3829787234042553,-0.0032539137426901388,-3.534418236429392e-05
vwap n=48 k=3.0,5,73.0,-0.001685803249917989,-0.0040322781648076,0.4246575342465753,-0.003089098564203725,-0.00019231936201975116
