candidate,signal,n,net,train,test,random,edge_random,win,pf
25,pullback rsi=35,128.0,-0.00028345713134267185,-0.00010324656350931952,-0.0002834571313426679,-0.0008794119462700493,0.0005959548149274282,0.46875,0.843417141626923
16,donchian n=50 vol=1.5,52.0,-0.0005487362434864674,9.272136028664662e-05,-0.0005487362434863999,-0.0006901889926581004,0.0001414527491716,0.4807692307692308,0.8548600615794717
27,pullback rsi=40,133.0,-0.0005614920638059966,0.0005210727363566121,-0.0005614920638059858,-0.0010584948905116751,0.0004970028267057203,0.38345864661654133,0.8406256974818331
11,donchian n=20 vol=0.0,147.0,-0.0005864448018501642,0.001214439939007413,-0.0005864448018501234,-0.001088863188516978,0.0005024183866668113,0.41496598639455784,0.8526754999256951
28,pullback rsi=40,204.0,-0.0006172829563825085,-0.0002583316264751564,-0.0006172829563824482,-0.0009289608036199383,0.0003116778472374686,0.44607843137254904,0.7232871280410706
17,donchian n=50 vol=1.5,271.0,-0.0007249988047196676,0.0005005607814258205,-0.0007249988047196642,-0.0006480539552134686,-7.69448495061457e-05,0.3763837638376384,0.7822667294402049
31,breakout n=20,180.0,-0.0007348400568616523,0.00012123562289588888,-0.0007348400568616244,-0.0009120129912581437,0.0001771729343965195,0.49444444444444446,0.8289789232972486
10,donchian n=20 vol=0.0,246.0,-0.0009295084246430914,1.555187509042723e-05,-0.0009295084246430361,-0.0008816038496369042,-4.790457500608044e-05,0.4268292682926829,0.7157382623548727
32,breakout n=20,266.0,-0.0009595292746656345,-7.542227467484588e-05,-0.0009595292746656063,-0.0006350550283626941,-0.0003244742463028952,0.38721804511278196,0.7048604188023945
14,donchian n=20 vol=1.5,133.0,-0.0013256965597493785,0.0008358139295071745,-0.0013256965597493544,-0.000654020324760603,-0.000671676234988664,0.3308270676691729,0.6756033901162241
24,pullback rsi=35,213.0,-0.001356015565622151,0.00015563384873756227,-0.0013560155656221007,-0.0009940724687222088,-0.0003619430968998953,0.3755868544600939,0.5622215777007791
29,pullback rsi=40,79.0,-0.0015863214263635301,-1.7323844627095403e-05,-0.0015863214263635115,-0.0009241464975717468,-0.0006621749287917087,0.31645569620253167,0.3708220039356813
7,vwap n=48 k=3.0,73.0,-0.001685803249917989,-8.704608568189583e-05,-0.0016858032499179,-0.0008010553926042001,-0.0008847478573137001,0.4246575342465753,0.55231311316062
8,vwap n=48 k=3.0,71.0,-0.0026353429181629135,0.00011588811977703378,-0.0026353429181629044,-0.0012019883033884697,-0.0014333546147743998,0.323943661971831,0.4268857944180895
