candidate,signal,fold,n,net,train,test,random,edge_random,win,pf
7,vwap n=48 k=3.0,5,73.0,-0.001685803249917989,-8.704608568189583e-05,-0.0016858032499179,-0.0008010553926042001,-0.0008847478573137001,0.4246575342465753,0.55231311316062
8,vwap n=48 k=3.0,2,24.0,-0.004535706342989517,0.0009944760822322,-0.0045357063429895,-0.0020298569362601,-0.0025058494067293,0.20833333333333334,0.3390386763340367
8,vwap n=48 k=3.0,4,47.0,-0.0016649445735706062,-0.00033275254190220005,-0.0016649445735705995,-0.000779246873837,-0.0008856976997336004,0.3829787234042553,0.5163138269861249
10,donchian n=20 vol=0.0,1,54.0,-0.00031879291204846895,0.0007046442778953999,-0.0003187929120484,-0.0010323640492877998,0.0007135711372393996,0.5555555555555556,0.9338782764797069
10,donchian n=20 vol=0.0,3,65.0,-0.0005337730081964399,-0.0003197124103877,-0.0005337730081964,-0.0010300818156149,0.0004963088074185,0.3384615384615385,0.7985356491770309
10,donchian n=20 vol=0.0,4,127.0,-0.0013917244856599578,-0.00010585608707800005,-0.0013917244856599012,-0.0007415084278280995,-0.0006502160578317004,0.41732283464566927,0.524651698606079
11,donchian n=20 vol=0.0,3,67.0,-0.0016983076834451581,0.000646005894906655,-0.00169830768344507,-0.0010176055880512624,-0.0006807020953938806,0.4626865671641791,0.567868545544117
11,donchian n=20 vol=0.0,6,12.0,0.010007782401564415,0.0010546428363789,0.0100077824015644,0.0006839129513718,0.009323869450192502,0.75,7.727441608035522
11,donchian n=20 vol=0.0,7,37.0,-0.0016363515746373838,0.0018760971029078,-0.0016363515746374002,-0.0015567195658691996,-7.96320087681256e-05,0.24324324324324326,0.5456028123804724
11,donchian n=20 vol=0.0,8,31.0,-0.0010312629560754291,0.0017151280397164,-0.0010312629560754,-0.0013706982513504006,0.0003394352952749002,0.3870967741935484,0.812766159870623
14,donchian n=20 vol=1.5,3,70.0,-0.0010428327194050263,0.000139049676286,-0.001042832719405,-0.0006913094329695001,-0.00035152328643539994,0.34285714285714286,0.6456087419839205
14,donchian n=20 vol=1.5,6,16.0,-0.0017901693988403061,0.0021196899858804,-0.0017901693988403,-0.0022664695726612,0.0004763001738209,0.25,0.7031088433218944
14,donchian n=20 vol=1.5,7,21.0,0.0008250650580426142,0.0010568986478308,0.0008250650580425998,0.0010296990246870003,-0.00020463396664429997,0.47619047619047616,1.287844450056226
14,donchian n=20 vol=1.5,8,26.0,-0.0035385772279140576,0.0017430716886885,-0.0035385772279139995,-0.0009212772785055002,-0.0026172999494084004,0.23076923076923078,0.4913413263800116
16,donchian n=50 vol=1.5,1,52.0,-0.0005487362434864674,9.272136028664662e-05,-0.0005487362434863999,-0.0006901889926581004,0.0001414527491716,0.4807692307692308,0.8548600615794717
17,donchian n=50 vol=1.5,3,21.0,-0.002998833032321605,0.0023673686468071004,-0.002998833032321601,-0.0011347458791148995,-0.0018640871532066,0.2857142857142857,0.4321303246432145
17,donchian n=50 vol=1.5,4,27.0,-0.0013361093167815153,0.0005109474929456999,-0.0013361093167815,-0.0003459213238261999,-0.0009901879929552003,0.25925925925925924,0.7466907308988913
17,donchian n=50 vol=1.5,5,26.0,0.000980724737991146,-0.0001272128537244,0.0009807247379911,-0.0004990297589764,0.0014797544969675001,0.5,1.442816291115422
17,donchian n=50 vol=1.5,6,24.0,0.0021897258287220957,0.0001063452327551,0.002189725828722,0.00011571494896820001,0.0020740108797537,0.5416666666666666,1.8912506275900265
17,donchian n=50 vol=1.5,7,58.0,-0.0012731012572748035,0.00033982709569349996,-0.0012731012572747998,-0.0008845056430333,-0.0003885956142413999,0.2413793103448276,0.4470880950859682
17,donchian n=50 vol=1.5,8,47.0,-0.0010868833697656789,0.0001299663674581,-0.0010868833697655995,-0.0003053165289037999,-0.0007815668408618001,0.3404255319148936,0.6754588142424316
17,donchian n=50 vol=1.5,9,53.0,-0.0005741869203901867,0.0005307469785509654,-0.0005741869203902152,-0.0010318038801059265,0.0004576169597158113,0.49056603773584906,0.8322236107766554
17,donchian n=50 vol=1.5,10,15.0,-0.0013414130561779998,0.0012632610533780998,-0.0013414130561778999,-0.0007945771933303998,-0.0005468358628475,0.4666666666666667,0.6655890713413798
24,pullback rsi=35,1,9.0,-0.0027897292435204784,0.000522448474214,-0.0027897292435204,-0.0018050196858774,-0.000984709557643,0.5555555555555556,0.6831990197192102
24,pullback rsi=35,2,46.0,-0.001442463551514054,0.0003108834834523044,-0.0014424635515139829,-0.0010726467126621305,-0.0003698168388518748,0.34782608695652173,0.49682356759541263
24,pullback rsi=35,4,61.0,-0.0015188535144833165,-0.00013937684356057242,-0.0015188535144832526,-0.000882967030300177,-0.0006358864841831284,0.36065573770491804,0.44258625284908215
24,pullback rsi=35,6,32.0,-0.00135113019239755,-0.0003306434941062,-0.0013511301923975,-0.0012141363445118,-0.0001369938478856,0.28125,0.403235919335122
24,pullback rsi=35,9,45.0,6.244244405501152e-05,0.0001804595485746689,6.244244405502444e-05,-0.0008246978424758822,0.0008871402865308711,0.4666666666666667,1.0254132800154243
24,pullback rsi=35,11,20.0,-0.0032147054179229493,0.0012554616428551001,-0.0032147054179229202,-0.0008162877549186401,-0.0023984176630041805,0.35,0.35324243466592387
25,pullback rsi=35,1,15.0,-0.0006352067524249468,-0.00027528315956109993,-0.0006352067524249,-0.0004605597242519998,-0.00017464702817289994,0.26666666666666666,0.7306314791359989
25,pullback rsi=35,2,19.0,-0.0018006668564147735,-0.00022676840516560004,-0.0018006668564148,-0.0011936097725665999,-0.0006070570838481,0.21052631578947367,0.25686033216956844
25,pullback rsi=35,5,7.0,0.0011023144818732,-0.0005716597240133001,0.0011023144818732,-0.0007517627895981999,0.0018540772714715002,0.8571428571428571,4.8736879319478135
25,pullback rsi=35,9,18.0,-0.0007719223015250946,0.0001124826822273,-0.0007719223015251,-0.0009670445855308,0.00019512228400569997,0.4444444444444444,0.6702316855506214
25,pullback rsi=35,10,31.0,0.00027662259360618387,-3.39147627814032e-05,0.0002766225936061934,-0.0008732588314488419,0.0011498814250551007,0.5806451612903226,1.173467662596665
25,pullback rsi=35,11,38.0,0.00013319364207738156,-4.60375158790737e-05,0.00013319364207738422,-0.000874673203641184,0.0010078668457186054,0.5263157894736842,1.0891971511918261
27,pullback rsi=40,5,46.0,-0.0008223450026229978,0.0013365435483344997,-0.0008223450026228997,-0.0010282214220875996,0.0002058764194645999,0.5,0.8624127526834118
27,pullback rsi=40,10,47.0,0.00066194362604197,-7.511873366037443e-05,0.0006619436260419001,-0.0007231210805056,0.0013850647065476005,0.425531914893617,1.3430532015110601
27,pullback rsi=40,11,40.0,-0.001699048119737806,0.000283806279852,-0.0016990481197378,-0.0014873736059565,-0.00021167451378120003,0.2,0.33982794130477667
28,pullback rsi=40,3,44.0,-0.0005414421542438773,-0.0003992638956854999,-0.0005414421542438001,-0.000790797850951,0.00024935569670709993,0.4090909090909091,0.6483304608366783
28,pullback rsi=40,7,37.0,-0.001050614451113711,-0.0001707505074351,-0.0010506144511137,-0.001164580208335,0.00011396575722130001,0.43243243243243246,0.4587769043118224
28,pullback rsi=40,8,123.0,-0.0005140612489763723,-0.00023426237085911553,-0.0005140612489763031,-0.0009075075673839707,0.0003934463184076675,0.4634146341463415,0.7995954566613309
29,pullback rsi=40,1,16.0,-0.002436521217738081,3.2127048232364e-05,-0.002436521217738,-0.0010391997143319,-0.0013973215034061,0.3125,0.2857963951695481
29,pullback rsi=40,9,19.0,-0.0007501367269308,8.656983918852713e-05,-0.0007501367269308002,-0.001007735691048,0.00025759896411719997,0.47368421052631576,0.6170759511451749
29,pullback rsi=40,10,26.0,-0.001360376563781008,9.59059700942932e-05,-0.0013603765637809997,-0.00047489136815240013,-0.0008854851956285001,0.2692307692307692,0.39466494397220026
29,pullback rsi=40,11,18.0,-0.0020395924849398997,-0.000334499925794,-0.0020395924849399,-0.0013825680098324,-0.0006570244751074,0.2222222222222222,0.24991495079639509
31,breakout n=20,2,59.0,-0.0014642876028624677,0.0009706923423154999,-0.0014642876028623999,-0.0010363086146458,-0.00042797898821660005,0.4576271186440678,0.7601759986813068
31,breakout n=20,5,121.0,-0.0003791590220348085,-0.0002929622816145,-0.0003791590220347999,-0.0008514060343997002,0.00047224701236490014,0.512396694214876,0.8889645808028193
32,breakout n=20,1,17.0,-0.0010822433990002411,-0.0002377140279905,-0.0010822433990002,-0.0011671796986773,8.493629967705886e-05,0.4117647058823529,0.7038589723508093
32,breakout n=20,2,40.0,-0.0013541700905792,0.0002309071859822,-0.0013541700905791,-0.0007881274297731,-0.000566042660806,0.475,0.6340677201293213
32,breakout n=20,5,11.0,-7.824081054785455e-05,0.0012682744103426,-7.824081054787843e-05,5.473436679127087e-05,-0.0001329751773391,0.2727272727272727,0.9822580350833118
32,breakout n=20,6,57.0,0.0006436178999707369,-0.00035719399131848423,0.0006436178999707054,-0.0005620980867989212,0.0012057159867696263,0.43859649122807015,1.2486062107622526
32,breakout n=20,7,79.0,-0.0014178449000411062,-0.00019805143355515817,-0.001417844900041082,-0.0005683237796378936,-0.0008495211204031283,0.3670886075949367,0.4407321751211946
32,breakout n=20,8,48.0,-0.002024653999733341,-0.0002305023921245,-0.0020246539997333004,-0.0007951410681855,-0.0012295129315478,0.2708333333333333,0.5628405782425157
32,breakout n=20,10,14.0,-0.0006644484247674642,0.00056155307409,-0.0006644484247674,-0.00021825876420759993,-0.0004461896605598,0.5,0.7414632896991507
