signal,regime,folds,mean_trade,median_trade,pf_median,dd_median,trades,positive,random_mean,edge_vs_random
breakout n=20,range,9,-0.0007539562578970419,-0.0008025115453527,0.7038589723508091,-0.0339002865577846,266,2,-0.0005621308447172255,-0.00019182541317981638
breakout n=20,trend,2,-0.0009217233124486,-0.0009217233124486,0.8245702897420626,-0.07295969968519994,180,0,-0.00094385732452275,2.213401207414999e-05
donchian n=20 vol=0.0,range,5,0.0004399561872726398,-0.0010312629560754,0.7627740996567869,-0.0781912411579228,147,1,-0.0008877736665317,0.0013277298538043399
donchian n=20 vol=0.0,trend,3,-0.0007480968019682334,-0.0005337730081964,0.7985356491770281,-0.0854146106953143,246,0,-0.0009346514309102667,0.00018655462894203324
donchian n=20 vol=1.5,range,4,-0.0013866285720291749,-0.00141650105912265,0.6743587926529052,-0.07135731757877375,133,1,-0.0007123393148622998,-0.000674289257166875
donchian n=50 vol=1.5,range,9,-0.0006349742549486778,-0.0012731012572748,0.6754588142424316,-0.0577225558009294,271,3,-0.0006603547108814221,2.5380455932744335e-05
donchian n=50 vol=1.5,trend,1,-0.0005487362434864,-0.0005487362434864,0.8548600615794723,-0.0556524773349831,52,0,-0.0006901889926581,0.00014145274917170007
pullback rsi=35,all,11,-0.0016857707188152363,-0.0013511301923975,0.5404756084247077,-0.0311189936953575,213,1,-0.0009999059619351636,-0.0006858647568800727
pullback rsi=35,trend,8,-0.00010786133875467495,-0.00036822969529444997,0.8463927084350114,-0.0153326852471875,128,3,-0.0008420615127048375,0.0007342001739501626
pullback rsi=40,all,3,-0.0006198164987729332,-0.0008223450026229,0.8624127526834129,-0.0668785731267052,133,1,-0.0010795720361832333,0.0004597555374103
pullback rsi=40,range,4,-0.001646656748347425,-0.00169998452436045,0.34023066957087506,-0.03387731131178495,79,0,-0.0009760986958411749,-0.0006705580525062501
pullback rsi=40,trend,4,-0.0006899664866445751,-0.00065033403345765,0.7104306608415032,-0.0419576735931897,204,0,-0.000961290358143875,0.0002713238714992999
vwap n=48 k=3.0,range,2,-0.0031003254582800503,-0.0031003254582800503,0.4276762516600811,-0.08442420155340925,71,0,-0.00140455190504855,-0.0016957735532315004
vwap n=48 k=3.0,trend,1,-0.0016858032499179,-0.0016858032499179,0.5523131131606219,-0.1290661455293866,73,0,-0.0008010553926042,-0.0008847478573137
