signal,interval,folds,mean_trade,median_trade,pf_median,dd_median,trades,positive,random_mean,edge_vs_random
breakout n=20,15m,5,-0.0006376223754606156,-0.0006644484247674,0.7601759986813071,-0.0339002865577846,142,1,-0.00037750500822716584,-0.0002601173672334498
breakout n=20,5m,6,-0.0009068235114445834,-0.00094237747217645,0.6689633462400664,-0.0535387283877098,304,1,-0.0008432278683941167,-6.359564305046667e-05
donchian n=20 vol=0.0,15m,7,9.161224154028563e-05,-0.0010312629560754,0.7985356491770281,-0.081552895227337,344,1,-0.0009026012414296143,0.0009942134829699
donchian n=20 vol=0.0,5m,1,-0.0006857951603235,-0.0006857951603235,0.7627740996567869,-0.0410702871620067,49,0,-0.000924613935382,0.00023881877505849993
donchian n=20 vol=1.5,15m,3,-0.0015012271895705667,-0.0017901693988403,0.7031088433218925,-0.0512935717802747,63,1,-0.0007193492754932331,-0.0007818779140773335
donchian n=20 vol=1.5,5m,1,-0.001042832719405,-0.001042832719405,0.6456087419839179,-0.0914210633772728,70,0,-0.0006913094329695,-0.00035152328643550006
donchian n=50 vol=1.5,15m,6,-0.0011789950796162,-0.0013387611864797001,0.7061399011201352,-0.05668751656795625,168,1,-0.0008433740681076,-0.0003356210115086001
donchian n=50 vol=1.5,5m,4,0.00020261648491817503,-5.307931588724999e-05,1.059137552678925,-0.04300389764903195,155,2,-0.000393284245486325,0.0005959007304045
pullback rsi=35,15m,6,-0.0021780497254536165,-0.0024944554368595,0.5303742655450127,-0.030289868409425,67,0,-0.0010652285902171834,-0.0011128211352364331
pullback rsi=35,5m,13,-0.00048754386648333073,-0.0006352067524249,0.670231685550618,-0.0165027909508417,274,4,-0.0008726220108940307,0.00038507814441069994
pullback rsi=40,15m,4,-0.000654668852247575,-0.0007907854576472,0.8174718067648681,-0.05433442950109605,170,1,-0.001069362390987775,0.00041469353874020007
pullback rsi=40,5m,7,-0.0012267524324709287,-0.0010506144511137,0.4587769043118273,-0.0352590493712674,246,0,-0.0009586889657912572,-0.0002680634666796715
vwap n=48 k=3.0,15m,2,-0.0031107547964537,-0.0031107547964537,0.4456758947473293,-0.1134097276150279,97,0,-0.00141545616443215,-0.0016952986320215501
vwap n=48 k=3.0,5m,1,-0.0016649445735706,-0.0016649445735706,0.5163138269861255,-0.0710950934061493,47,0,-0.000779246873837,-0.0008856976997336001
