symbol,interval,start,end,window,compression,h,signal_mean,trades,signal_total,buyhold_net
BTCUSDT,5m,2026-03-02,2026-04-01,96,1.5,3,-0.0019283735298730278,174,-0.33553699419790683,0.034768132231806394
BTCUSDT,5m,2026-04-01,2026-05-01,96,1.5,3,-0.0012808172491441327,171,-0.2190197496036467,0.11820556875861862
BTCUSDT,5m,2026-05-01,2026-05-31,96,1.5,3,-0.0012944799850470202,167,-0.21617815750285238,-0.03502921609360201
BTCUSDT,5m,2026-05-31,2026-06-30,96,1.5,3,-0.001266479462131337,233,-0.2950897146766015,-0.1856510708830317
BTCUSDT,5m,2026-06-30,2026-07-30,96,1.5,3,-0.0012976208539013877,226,-0.2932623129817136,0.060520627880107904
BTCUSDT,5m,2026-07-30,2026-08-29,96,1.5,3,-0.0014369098329048775,219,-0.3146832534061682,0.2148230933094105
BTCUSDT,5m,2026-08-29,2026-09-28,96,1.5,3,-0.0013883548945225854,193,-0.267952494642859,0.08440323291130433
BTCUSDT,15m,2026-03-02,2026-04-01,96,1.5,3,-0.0018652635787226879,81,-0.1510863498765377,0.0336213365036425
BTCUSDT,15m,2026-04-01,2026-05-01,96,1.5,3,-0.0018563053169974668,47,-0.08724634989888094,0.12086068109998269
BTCUSDT,15m,2026-05-01,2026-05-31,96,1.5,3,-0.0009014273167230045,58,-0.05228278436993426,-0.034853500181214046
BTCUSDT,15m,2026-05-31,2026-06-30,96,1.5,3,-0.002141063839657806,93,-0.19911893708817593,-0.18572505879979376
BTCUSDT,15m,2026-06-30,2026-07-30,96,1.5,3,-0.000989407979892027,78,-0.07717382243157811,0.06175225274633953
BTCUSDT,15m,2026-07-30,2026-08-29,96,1.5,3,-0.0016320842517234433,60,-0.0979250551034066,0.2143728382254607
BTCUSDT,15m,2026-08-29,2026-09-28,96,1.5,3,-0.0013204466973427854,59,-0.07790635514322433,0.08433344621567715
ETHUSDT,5m,2026-03-02,2026-04-01,24,1.0,3,-0.0012589101553509507,155,-0.19513107407939737,0.08329857550738526
ETHUSDT,5m,2026-04-01,2026-05-01,24,1.0,3,-0.0014929866213951454,163,-0.24335681928740868,0.07127819184333081
ETHUSDT,5m,2026-05-01,2026-05-31,24,1.0,3,-0.0016093643605304656,195,-0.3138260503034408,-0.10775238284668634
ETHUSDT,5m,2026-05-31,2026-06-30,24,1.0,3,-0.001324768985190086,195,-0.2583299521120668,-0.20326819990891634
ETHUSDT,5m,2026-06-30,2026-07-30,24,1.0,3,-0.0017000083518001752,201,-0.3417016787118352,0.18281409083862962
ETHUSDT,5m,2026-07-30,2026-08-29,24,1.0,3,-0.0016453628850728542,161,-0.26490342449672954,0.2779318008465697
ETHUSDT,5m,2026-08-29,2026-09-28,24,1.0,3,-0.0017732734413088654,202,-0.35820123514439084,0.09878760223672253
ETHUSDT,15m,2026-03-02,2026-04-01,24,1.0,3,-0.0029777245291852518,48,-0.14293077740089208,0.08195312057650236
ETHUSDT,15m,2026-04-01,2026-05-01,24,1.0,3,-0.0003999908451711945,35,-0.013999679580991808,0.0724674104317454
ETHUSDT,15m,2026-05-01,2026-05-31,24,1.0,3,-0.0019386590364754714,49,-0.0949942927872981,-0.1073651620206594
ETHUSDT,15m,2026-05-31,2026-06-30,24,1.0,3,-0.0013646056029009471,55,-0.07505330815955209,-0.20378931454804508
ETHUSDT,15m,2026-06-30,2026-07-30,24,1.0,3,-0.0008190777766059176,43,-0.035220344394054456,0.18385024761999333
ETHUSDT,15m,2026-07-30,2026-08-29,24,1.0,3,-0.002154631537034548,41,-0.08833989301841647,0.2762719906244769
ETHUSDT,15m,2026-08-29,2026-09-28,24,1.0,3,-0.0024084053607752024,58,-0.13968751092496173,0.09955820207689
SOLUSDT,5m,2026-03-02,2026-04-01,96,1.5,6,-0.0030163579456270995,169,-0.5097644928109798,-0.0072206649127003015
SOLUSDT,5m,2026-04-01,2026-05-01,96,1.5,6,-0.001294467262924332,174,-0.22523730374883377,-0.002802790473899373
SOLUSDT,5m,2026-05-01,2026-05-31,96,1.5,6,-0.0017055229902528328,170,-0.2899389083429816,-0.008326726726726807
SOLUSDT,5m,2026-05-31,2026-06-30,96,1.5,6,-0.0016802406371398853,229,-0.3847751059050337,-0.09192570529119755
SOLUSDT,5m,2026-06-30,2026-07-30,96,1.5,6,-0.0019027653850022727,180,-0.3424977693004091,-0.021299188074004948
SOLUSDT,5m,2026-07-30,2026-08-29,96,1.5,6,-0.0016307484318936107,213,-0.3473494159933391,0.4118419551934825
SOLUSDT,5m,2026-08-29,2026-09-28,96,1.5,6,-0.002475963859187191,189,-0.46795716938637905,0.16909892473118276
SOLUSDT,15m,2026-03-02,2026-04-01,96,1.5,6,-0.0017448926521168961,63,-0.10992823708336445,-0.0097116545389478
SOLUSDT,15m,2026-04-01,2026-05-01,96,1.5,6,-0.0034480602609405237,59,-0.2034355553954909,-0.0018407897905127854
SOLUSDT,15m,2026-05-01,2026-05-31,96,1.5,6,-0.0011098972843650778,44,-0.04883548051206342,-0.007968661379476116
SOLUSDT,15m,2026-05-31,2026-06-30,96,1.5,6,-0.005951284753623114,72,-0.4284925022608642,-0.0933553191489362
SOLUSDT,15m,2026-06-30,2026-07-30,96,1.5,6,-0.0023306157876783837,71,-0.16547372092516524,-0.019207042817126773
SOLUSDT,15m,2026-07-30,2026-08-29,96,1.5,6,0.00034683371138899546,63,0.021850523817506715,0.4101168429617575
SOLUSDT,15m,2026-08-29,2026-09-28,96,1.5,6,0.00034621188477796977,62,0.021465136856234125,0.16808824940047967
