symbol,interval,period,threshold,horizon,mean,trades,total
BTCUSDT,5m,TRAIN,0.2,1,-0.0011901231757977823,11544,-13.738781941409599
BTCUSDT,5m,TRAIN,0.2,3,-0.0011750999606992523,11543,-13.564178846351469
BTCUSDT,5m,TRAIN,0.2,6,-0.0011464083963527876,11541,-13.230699302307523
BTCUSDT,5m,TRAIN,0.3,1,-0.0011760760174908754,6092,-7.164655098554412
BTCUSDT,5m,TRAIN,0.3,3,-0.0011335051202130079,6092,-6.905313192337644
BTCUSDT,5m,TRAIN,0.3,6,-0.0010862075993080434,6092,-6.6171766949846
BTCUSDT,5m,TRAIN,0.4,1,-0.0012070026486147311,2661,-3.2118340479637997
BTCUSDT,5m,TRAIN,0.4,3,-0.0011740818344658642,2661,-3.1242317615136646
BTCUSDT,5m,TRAIN,0.4,6,-0.0011183375582469453,2661,-2.9758962424951214
BTCUSDT,5m,TEST,0.2,1,-0.0011832726446746752,8409,-9.950139669069344
BTCUSDT,5m,TEST,0.2,3,-0.0011814369739803223,8408,-9.93352207722655
BTCUSDT,5m,TEST,0.2,6,-0.0011739577061221224,8406,-9.86828847766256
BTCUSDT,5m,TEST,0.3,1,-0.0011950598270854863,4836,-5.779309323785411
BTCUSDT,5m,TEST,0.3,3,-0.0012004326249533237,4835,-5.80409174164932
BTCUSDT,5m,TEST,0.3,6,-0.0011753733370182939,4834,-5.681754711146433
BTCUSDT,5m,TEST,0.4,1,-0.001204914150446668,2369,-2.8544416224081566
BTCUSDT,5m,TEST,0.4,3,-0.0011909722872987197,2369,-2.821413348610667
BTCUSDT,5m,TEST,0.4,6,-0.0011654707435487673,2369,-2.76100019146703
BTCUSDT,5m,HOLDOUT,0.2,1,-0.0011729235037755137,4416,-5.179630192672668
BTCUSDT,5m,HOLDOUT,0.2,3,-0.0011771110358846557,4415,-5.196945223430755
BTCUSDT,5m,HOLDOUT,0.2,6,-0.0011219016887921214,4414,-4.952074054328424
BTCUSDT,5m,HOLDOUT,0.3,1,-0.0011710635659769122,2576,-3.016659745956526
BTCUSDT,5m,HOLDOUT,0.3,3,-0.0011494287218784618,2576,-2.9609283875589174
BTCUSDT,5m,HOLDOUT,0.3,6,-0.0011002228905324023,2575,-2.8330739431209357
BTCUSDT,5m,HOLDOUT,0.4,1,-0.0012124674879940695,1256,-1.5228591649205512
BTCUSDT,5m,HOLDOUT,0.4,3,-0.0011913407831049714,1256,-1.496324023579844
BTCUSDT,5m,HOLDOUT,0.4,6,-0.0012261989396316626,1255,-1.5388796692377367
BTCUSDT,15m,TRAIN,0.2,1,-0.001141750883192249,2229,-2.5449627186355226
BTCUSDT,15m,TRAIN,0.2,3,-0.0011213722903870144,2229,-2.499538835272655
BTCUSDT,15m,TRAIN,0.2,6,-0.0009861350560868016,2229,-2.198095040017481
BTCUSDT,15m,TRAIN,0.3,1,-0.0011791578231063271,726,-0.8560685795751934
BTCUSDT,15m,TRAIN,0.3,3,-0.0010887793520912637,726,-0.7904538096182574
BTCUSDT,15m,TRAIN,0.3,6,-0.0008756045354127511,726,-0.6356888927096573
BTCUSDT,15m,TRAIN,0.4,1,-0.0010675436232825692,198,-0.2113736374099487
BTCUSDT,15m,TRAIN,0.4,3,-0.001056344579516458,198,-0.20915622674425866
BTCUSDT,15m,TRAIN,0.4,6,-0.001042681551847077,198,-0.20645094726572127
BTCUSDT,15m,TEST,0.2,1,-0.0011873269912414139,1839,-2.1834943368929602
BTCUSDT,15m,TEST,0.2,3,-0.0011754108332949467,1837,-2.159229700762817
BTCUSDT,15m,TEST,0.2,6,-0.0012151189582588551,1836,-2.230958407363258
BTCUSDT,15m,TEST,0.3,1,-0.0011527263823366946,692,-0.7976866565769927
BTCUSDT,15m,TEST,0.3,3,-0.0011277308699318798,691,-0.7792620311229289
BTCUSDT,15m,TEST,0.3,6,-0.001081293164124724,690,-0.7460922832460595
BTCUSDT,15m,TEST,0.4,1,-0.0011995245985611793,204,-0.2447030181064806
BTCUSDT,15m,TEST,0.4,3,-0.0013071165546303448,203,-0.26534466058996
BTCUSDT,15m,TEST,0.4,6,-0.0015241489145557897,203,-0.30940222965482533
BTCUSDT,15m,HOLDOUT,0.2,1,-0.0011187455171655022,940,-1.0516207861355722
BTCUSDT,15m,HOLDOUT,0.2,3,-0.0010631813226998521,940,-0.9993904433378611
BTCUSDT,15m,HOLDOUT,0.2,6,-0.001119617956525627,940,-1.0524408791340893
BTCUSDT,15m,HOLDOUT,0.3,1,-0.0011463371136907939,372,-0.42643740629297533
BTCUSDT,15m,HOLDOUT,0.3,3,-0.001050084963394497,372,-0.39063160638275285
BTCUSDT,15m,HOLDOUT,0.3,6,-0.0011057133047558084,372,-0.41132534936916076
BTCUSDT,15m,HOLDOUT,0.4,1,-0.0010433211147404416,96,-0.10015882701508239
BTCUSDT,15m,HOLDOUT,0.4,3,-0.0010592913669541539,96,-0.10169197122759877
BTCUSDT,15m,HOLDOUT,0.4,6,-0.0010717049015017896,96,-0.1028836705441718
ETHUSDT,5m,TRAIN,0.2,1,-0.001288797839610827,10173,-13.110940422360944
ETHUSDT,5m,TRAIN,0.2,3,-0.001268688084210788,10171,-12.903826504507926
ETHUSDT,5m,TRAIN,0.2,6,-0.0012770508493565858,10171,-12.988884188805834
ETHUSDT,5m,TRAIN,0.3,1,-0.0012753930270599997,4899,-6.248150439566938
ETHUSDT,5m,TRAIN,0.3,3,-0.00124841933324415,4898,-6.114757894229847
ETHUSDT,5m,TRAIN,0.3,6,-0.0012918756501462208,4898,-6.327606934416189
ETHUSDT,5m,TRAIN,0.4,1,-0.0013117056004298129,1918,-2.5158513416243813
ETHUSDT,5m,TRAIN,0.4,3,-0.0012724572016518808,1918,-2.4405729127683076
ETHUSDT,5m,TRAIN,0.4,6,-0.0012870196463343096,1918,-2.4685036816692056
ETHUSDT,5m,TEST,0.2,1,-0.0012651775299419323,7728,-9.777291951391252
ETHUSDT,5m,TEST,0.2,3,-0.0012973079920785514,7727,-10.024298854790967
ETHUSDT,5m,TEST,0.2,6,-0.0013339753240683397,7726,-10.306293353751993
ETHUSDT,5m,TEST,0.3,1,-0.0012899110535518352,4045,-5.217690211617174
ETHUSDT,5m,TEST,0.3,3,-0.001319034898046537,4044,-5.334177127700196
ETHUSDT,5m,TEST,0.3,6,-0.001347150121204251,4043,-5.446527940028787
ETHUSDT,5m,TEST,0.4,1,-0.0013156976045966629,1719,-2.2616841823016633
ETHUSDT,5m,TEST,0.4,3,-0.001272528088866012,1719,-2.1874757847606747
ETHUSDT,5m,TEST,0.4,6,-0.0013113911958320583,1719,-2.2542814656353083
ETHUSDT,5m,HOLDOUT,0.2,1,-0.0012611423745477464,3814,-4.809997016525105
ETHUSDT,5m,HOLDOUT,0.2,3,-0.0012477597603426278,3813,-4.75770796618644
ETHUSDT,5m,HOLDOUT,0.2,6,-0.0011361377568363414,3813,-4.33209326681697
ETHUSDT,5m,HOLDOUT,0.3,1,-0.0012226931699526563,1874,-2.291327000491278
ETHUSDT,5m,HOLDOUT,0.3,3,-0.00119879461362739,1874,-2.246541105937729
ETHUSDT,5m,HOLDOUT,0.3,6,-0.0011071353977978495,1874,-2.07477173547317
ETHUSDT,5m,HOLDOUT,0.4,1,-0.0012475206411432162,788,-0.9830462652208544
ETHUSDT,5m,HOLDOUT,0.4,3,-0.0012875154457318504,788,-1.0145621712366981
ETHUSDT,5m,HOLDOUT,0.4,6,-0.0011890256396517214,788,-0.9369522040455565
ETHUSDT,15m,TRAIN,0.2,1,-0.0012985749422048404,1797,-2.3335391711420983
ETHUSDT,15m,TRAIN,0.2,3,-0.0014310021497042445,1797,-2.5715108630185273
ETHUSDT,15m,TRAIN,0.2,6,-0.001441180936451162,1795,-2.586919780929836
ETHUSDT,15m,TRAIN,0.3,1,-0.0012229211185809685,474,-0.579664610207379
ETHUSDT,15m,TRAIN,0.3,3,-0.00146652022840771,474,-0.6951305882652545
ETHUSDT,15m,TRAIN,0.3,6,-0.0017670317937407292,474,-0.8375730702331057
ETHUSDT,15m,TRAIN,0.4,1,-0.0011649042101884602,104,-0.12115003785959985
ETHUSDT,15m,TRAIN,0.4,3,-0.00120375978955693,104,-0.12519101811392072
ETHUSDT,15m,TRAIN,0.4,6,-0.0010556856991441256,104,-0.10979131271098906
ETHUSDT,15m,TEST,0.2,1,-0.0013620291269969068,1481,-2.017165137082419
ETHUSDT,15m,TEST,0.2,3,-0.001600800370891115,1481,-2.3707853492897413
ETHUSDT,15m,TEST,0.2,6,-0.0016159655917408332,1479,-2.390013110184692
ETHUSDT,15m,TEST,0.3,1,-0.0012768524869464677,443,-0.5656456517172852
ETHUSDT,15m,TEST,0.3,3,-0.0013019539783074563,443,-0.5767656123902032
ETHUSDT,15m,TEST,0.3,6,-0.0012416527015968594,443,-0.5500521468074087
ETHUSDT,15m,TEST,0.4,1,-0.001317354734671624,103,-0.13568753767117728
ETHUSDT,15m,TEST,0.4,3,-0.0011978899770830008,103,-0.12338266763954908
ETHUSDT,15m,TEST,0.4,6,-0.00110776603978596,103,-0.11409990209795387
ETHUSDT,15m,HOLDOUT,0.2,1,-0.0011528329579142955,736,-0.8484850570249215
ETHUSDT,15m,HOLDOUT,0.2,3,-0.001022086297172031,736,-0.7522555147186148
ETHUSDT,15m,HOLDOUT,0.2,6,-0.0010760654409008431,735,-0.7909080990621198
ETHUSDT,15m,HOLDOUT,0.3,1,-0.000982179306442581,217,-0.2131329094980401
ETHUSDT,15m,HOLDOUT,0.3,3,-0.0008698479146697382,217,-0.1887569974833332
ETHUSDT,15m,HOLDOUT,0.3,6,-0.000739231165450672,217,-0.1604131629027958
ETHUSDT,15m,HOLDOUT,0.4,1,-0.0011020532146199665,61,-0.06722524609181796
ETHUSDT,15m,HOLDOUT,0.4,3,-0.000739538546572422,61,-0.04511185134091774
ETHUSDT,15m,HOLDOUT,0.4,6,-0.0003423315861716841,61,-0.02088222675647273
SOLUSDT,5m,TRAIN,0.2,1,-0.0015810328474105653,11491,-18.167648449594807
SOLUSDT,5m,TRAIN,0.2,3,-0.0015583470456716716,11490,-17.905407554767507
SOLUSDT,5m,TRAIN,0.2,6,-0.0015591549675368175,11489,-17.913131422030496
SOLUSDT,5m,TRAIN,0.3,1,-0.0015477247737180886,6302,-9.753761523971395
SOLUSDT,5m,TRAIN,0.3,3,-0.0015001508711138829,6302,-9.45395078975969
SOLUSDT,5m,TRAIN,0.3,6,-0.0015216975161265731,6302,-9.589737746629664
SOLUSDT,5m,TRAIN,0.4,1,-0.0015565011854146253,2809,-4.372211829829682
SOLUSDT,5m,TRAIN,0.4,3,-0.0014990124972864812,2809,-4.210726104877725
SOLUSDT,5m,TRAIN,0.4,6,-0.0014696380109575813,2809,-4.128213172779846
SOLUSDT,5m,TEST,0.2,1,-0.0016113055342945836,7930,-12.777652886956048
SOLUSDT,5m,TEST,0.2,3,-0.0015938431242369907,7929,-12.6375821320751
SOLUSDT,5m,TEST,0.2,6,-0.0015934715812513632,7928,-12.633042696160807
SOLUSDT,5m,TEST,0.3,1,-0.0016078535646827047,4420,-7.106712755897555
SOLUSDT,5m,TEST,0.3,3,-0.0015988871303344227,4419,-7.065482228947814
SOLUSDT,5m,TEST,0.3,6,-0.0015910780229365013,4419,-7.0309737833564
SOLUSDT,5m,TEST,0.4,1,-0.001583270165058352,2176,-3.4451958791669743
SOLUSDT,5m,TEST,0.4,3,-0.0015829377758065264,2175,-3.442889662379195
SOLUSDT,5m,TEST,0.4,6,-0.0015694401743714273,2175,-3.4135323792578545
SOLUSDT,5m,HOLDOUT,0.2,1,-0.0015529137580320808,3547,-5.508185099739791
SOLUSDT,5m,HOLDOUT,0.2,3,-0.0015578321157239498,3546,-5.524072682357126
SOLUSDT,5m,HOLDOUT,0.2,6,-0.0014381201191514148,3544,-5.096697702272614
SOLUSDT,5m,HOLDOUT,0.3,1,-0.0015076807722946518,1679,-2.5313960166827205
SOLUSDT,5m,HOLDOUT,0.3,3,-0.001462322957007287,1678,-2.4537779218582276
SOLUSDT,5m,HOLDOUT,0.3,6,-0.0015041049026970356,1677,-2.5223839218229287
SOLUSDT,5m,HOLDOUT,0.4,1,-0.0014900678054684622,664,-0.9894050228310589
SOLUSDT,5m,HOLDOUT,0.4,3,-0.0014729938476763082,663,-0.9765949210093924
SOLUSDT,5m,HOLDOUT,0.4,6,-0.001517992731260455,663,-1.0064291808256818
SOLUSDT,15m,TRAIN,0.2,1,-0.0015695506091951013,2279,-3.577005838355636
SOLUSDT,15m,TRAIN,0.2,3,-0.0016452821007111203,2279,-3.749597907520643
SOLUSDT,15m,TRAIN,0.2,6,-0.0016667135714589151,2277,-3.79510680221195
SOLUSDT,15m,TRAIN,0.3,1,-0.0015266583018653476,790,-1.2060600584736245
SOLUSDT,15m,TRAIN,0.3,3,-0.0015821476946631947,790,-1.2498966787839239
SOLUSDT,15m,TRAIN,0.3,6,-0.001848618895374433,790,-1.460408927345802
SOLUSDT,15m,TRAIN,0.4,1,-0.001714868142043382,172,-0.2949573204314617
SOLUSDT,15m,TRAIN,0.4,3,-0.0017433506464779797,172,-0.2998563111942125
SOLUSDT,15m,TRAIN,0.4,6,-0.0025955543240278062,172,-0.44643534373278265
SOLUSDT,15m,TEST,0.2,1,-0.0015956134126033706,1548,-2.470009562710018
SOLUSDT,15m,TEST,0.2,3,-0.0015596722906286438,1548,-2.4143727058931406
SOLUSDT,15m,TEST,0.2,6,-0.0014016263633978604,1545,-2.1655127314496943
SOLUSDT,15m,TEST,0.3,1,-0.001470859386693262,487,-0.7163085213196185
SOLUSDT,15m,TEST,0.3,3,-0.0014395925234010232,487,-0.7010815588962983
SOLUSDT,15m,TEST,0.3,6,-0.0011008575227151422,487,-0.5361176135622743
SOLUSDT,15m,TEST,0.4,1,-0.001452091761325383,123,-0.1786072866430221
SOLUSDT,15m,TEST,0.4,3,-0.0012776699233952868,123,-0.15715340057762028
SOLUSDT,15m,TEST,0.4,6,-0.0011822397552080474,123,-0.14541548989058983
SOLUSDT,15m,HOLDOUT,0.2,1,-0.001464659824666706,577,-0.8451087188326893
SOLUSDT,15m,HOLDOUT,0.2,3,-0.0012600876771691253,576,-0.7258105020494161
SOLUSDT,15m,HOLDOUT,0.2,6,-0.0011951296655842037,576,-0.6883946873765013
SOLUSDT,15m,HOLDOUT,0.3,1,-0.0015945058396871284,144,-0.2296088409149465
SOLUSDT,15m,HOLDOUT,0.3,3,-0.0017206134310916365,144,-0.24776833407719567
SOLUSDT,15m,HOLDOUT,0.3,6,-0.0018609110504718225,144,-0.26797119126794244
SOLUSDT,15m,HOLDOUT,0.4,1,-0.001518568619858833,20,-0.03037137239717666
SOLUSDT,15m,HOLDOUT,0.4,3,-0.0018203771949039753,20,-0.03640754389807951
SOLUSDT,15m,HOLDOUT,0.4,6,-0.002506992120162908,20,-0.05013984240325816
