symbol,interval,signal,regime,folds,positive,positive_rate,mean,median,std,min,max,edge_random,better_random,stability_score
SOLUSDT,5m,pullback rsi=35,trend,3,1,0.3333333333333333,0.00022774124856966672,-0.000101252638164,0.0009785865274867453,-0.0007719223015251,0.0015563986853981,0.0010323514714632,3,0.4976372108105626
ETHUSDT,15m,donchian n=20 vol=0.0,range,3,1,0.3333333333333333,0.0024467226236172,-0.0010312629560754,0.005352180352177141,-0.0016363515746374,0.0100077824015644,0.0031945575788998003,2,0.445836727366994
ETHUSDT,15m,donchian n=20 vol=0.0,trend,1,0,0.0,-0.0003187929120484,-0.0003187929120484,0.0,-0.0003187929120484,-0.0003187929120484,0.0007135711372394,1,0.37140713411718196
ETHUSDT,5m,donchian n=50 vol=1.5,range,4,2,0.5,0.00020261648491817503,-5.307931588724999e-05,0.001448672558550178,-0.0012731012572748,0.002189725828722,0.0005959007304045,2,0.367877021912135
BTCUSDT,15m,pullback rsi=40,all,2,1,0.5,-0.0005185522468479501,-0.0005185522468479501,0.00118049587288985,-0.0016990481197378,0.0006619436260419,0.0005866950963830999,1,0.36760085289149297
BTCUSDT,5m,pullback rsi=35,trend,5,2,0.4,-0.00030922289114927997,-0.0006352067524249,0.0010102880376602137,-0.0018006668564148,0.0011023144818732,0.00055530939544234,3,0.3666592818632702
SOLUSDT,5m,breakout n=20,trend,1,0,0.0,-0.0003791590220348,-0.0003791590220348,0.0,-0.0003791590220348,-0.0003791590220348,0.0004722470123649,1,0.36416741037094696
BTCUSDT,5m,pullback rsi=35,all,3,1,0.3333333333333333,-0.0004490037498378,-0.0004187810058084,0.000724560002606847,-0.0013511301923975,0.0004228999486925,0.00034053869795543334,2,0.360216160938663
BTCUSDT,15m,pullback rsi=40,trend,1,0,0.0,-0.0007592259126715,-0.0007592259126715,0.0,-0.0007592259126715,-0.0007592259126715,0.0002795075427299,1,0.35838522628189695
BTCUSDT,5m,pullback rsi=40,trend,3,0,0.0,-0.0006668800113022666,-0.0005414421542438,0.00027670917400926857,-0.0010506144511137,-0.0004085834285493,0.0002685959810891,3,0.358057879432673
SOLUSDT,5m,donchian n=20 vol=0.0,range,1,0,0.0,-0.0006857951603235,-0.0006857951603235,0.0,-0.0006857951603235,-0.0006857951603235,0.00023881877505849993,1,0.357164563251755
SOLUSDT,15m,pullback rsi=40,all,1,0,0.0,-0.0008223450026229,-0.0008223450026229,0.0,-0.0008223450026229,-0.0008223450026229,0.00020587641946470008,1,0.35617629258394096
BTCUSDT,15m,donchian n=50 vol=1.5,trend,1,0,0.0,-0.0005487362434864,-0.0005487362434864,0.0,-0.0005487362434864,-0.0005487362434864,0.00014145274917170007,1,0.354243582475151
BTCUSDT,15m,breakout n=20,range,2,1,0.5,-0.0004905675195627,-0.0004905675195627,0.0017416891734482998,-0.002232256693011,0.0012511216538856,-0.00014672150502584996,1,0.34559835484922447
SOLUSDT,15m,donchian n=20 vol=1.5,range,3,1,0.3333333333333333,-0.0015012271895705667,-0.0017901693988403,0.0017931274727266122,-0.003538577227914,0.0008250650580426,-0.0007818779140773333,1,0.2098769959110133
SOLUSDT,5m,breakout n=20,range,5,1,0.2,-0.00101235640932654,-0.0010822433990002,0.0007300233605598312,-0.0020246539997333,0.0002017969880326,-0.00017076417413354,2,0.20487707477599376
BTCUSDT,15m,donchian n=20 vol=0.0,trend,2,0,0.0,-0.00096274874692815,-0.00096274874692815,0.00042897573873175004,-0.0013917244856599,-0.0005337730081964,-7.695362520665006e-05,1,0.17269139124380048
ETHUSDT,15m,donchian n=50 vol=1.5,range,4,1,0.25,-0.0012417480687207001,-0.0013387611864797001,0.0013146310923125928,-0.0029988330323216,0.0007093631303982,-0.0003815539358719,1,0.163553381923843
SOLUSDT,15m,pullback rsi=35,all,4,0,0.0,-0.001914862840770225,-0.0019231495371682499,0.0011140323652164602,-0.003222265505644,-0.0005908867831004,-0.00069300268662595,2,0.1542099194012215
ETHUSDT,5m,pullback rsi=40,range,4,0,0.0,-0.001646656748347425,-0.00169998452436045,0.0006449784620383416,-0.002436521217738,-0.0007501367269308,-0.00067055805250625,1,0.06738325842481249
ETHUSDT,15m,breakout n=20,range,1,0,0.0,-7.824081054787843e-05,-7.824081054787843e-05,0.0,-7.824081054787843e-05,-7.824081054787843e-05,-0.0001329751773391493,0,-0.003989255320174479
ETHUSDT,5m,donchian n=20 vol=1.5,range,1,0,0.0,-0.001042832719405,-0.001042832719405,0.0,-0.001042832719405,-0.001042832719405,-0.00035152328643550006,0,-0.010545698593065003
ETHUSDT,15m,breakout n=20,trend,1,0,0.0,-0.0014642876028624,-0.0014642876028624,0.0,-0.0014642876028624,-0.0014642876028624,-0.0004279789882166,0,-0.012839369646497999
SOLUSDT,15m,breakout n=20,range,1,0,0.0,-0.0006644484247674,-0.0006644484247674,0.0,-0.0006644484247674,-0.0006644484247674,-0.00044618966055979994,0,-0.013385689816793998
BTCUSDT,15m,donchian n=50 vol=1.5,range,1,0,0.0,-0.001558241959328,-0.001558241959328,0.0,-0.001558241959328,-0.001558241959328,-0.0006289630747357,0,-0.018868892242071
BTCUSDT,15m,vwap n=48 k=3.0,trend,1,0,0.0,-0.0016858032499179,-0.0016858032499179,0.0,-0.0016858032499179,-0.0016858032499179,-0.0008847478573137,0,-0.026542435719411003
SOLUSDT,5m,vwap n=48 k=3.0,range,1,0,0.0,-0.0016649445735706,-0.0016649445735706,0.0,-0.0016649445735706,-0.0016649445735706,-0.0008856976997336001,0,-0.026570930992008003
ETHUSDT,5m,pullback rsi=35,all,2,0,0.0,-0.0020640841523662497,-0.0020640841523662497,0.0008318200671535499,-0.0028959042195198,-0.0012322640852127,-0.0009446008040642499,0,-0.028338024121927496
BTCUSDT,15m,pullback rsi=35,all,1,0,0.0,-0.0021991816301986,-0.0021991816301986,0.0,-0.0021991816301986,-0.0021991816301986,-0.0016756889603264,0,-0.050270668809791995
ETHUSDT,15m,pullback rsi=35,all,1,0,0.0,-0.0032096653594422,-0.0032096653594422,0.0,-0.0032096653594422,-0.0032096653594422,-0.0022292271045884,0,-0.066876813137652
SOLUSDT,15m,vwap n=48 k=3.0,range,1,0,0.0,-0.0045357063429895,-0.0045357063429895,0.0,-0.0045357063429895,-0.0045357063429895,-0.0025058494067294003,0,-0.075175482201882
SOLUSDT,15m,donchian n=20 vol=0.0,range,1,0,0.0,-0.0044545917741649,-0.0044545917741649,0.0,-0.0044545917741649,-0.0044545917741649,-0.0031838422427361997,0,-0.09551526728208598
