signal,regime,interval,folds,mean,median,std,min,max,pf,dd,trades,positive,random,edge,positive_rate,better_random,better_random_rate
breakout n=20,range,15m,4,-0.00043095606861016955,-0.0003713446176576392,0.0014437215956960192,-0.002232256693011,0.0012511216538856,0.8618606623912293,-0.026812763050247997,83,1,-0.00021280410662250727,-0.00021815196198766228,0.25,1,0.25
breakout n=20,range,5m,5,-0.00101235640932654,-0.0010822433990002,0.0008161909296873108,-0.0020246539997333,0.0002017969880326,0.6340677201293238,-0.0353193310476889,183,1,-0.000841592235193,-0.00017076417413353995,0.2,2,0.4
breakout n=20,trend,15m,1,-0.0014642876028624,-0.0014642876028624,,-0.0014642876028624,-0.0014642876028624,0.7601759986813071,-0.0741612736426692,59,0,-0.0010363086146458,-0.0004279789882166,0.0,0,0.0
breakout n=20,trend,5m,1,-0.0003791590220348,-0.0003791590220348,,-0.0003791590220348,-0.0003791590220348,0.8889645808028181,-0.0717581257277307,121,0,-0.0008514060343997,0.0004722470123649,0.0,1,1.0
donchian n=20 vol=0.0,range,15m,4,0.0007213940241716748,-0.0013338072653564,0.006368113506093438,-0.0044545917741649,0.0100077824015644,0.6791844861255459,-0.0798720681926299,98,1,-0.000878563599319125,0.0015999576234907997,0.25,2,0.5
donchian n=20 vol=0.0,range,5m,1,-0.0006857951603235,-0.0006857951603235,,-0.0006857951603235,-0.0006857951603235,0.7627740996567869,-0.0410702871620067,49,0,-0.000924613935382,0.00023881877505849993,0.0,1,1.0
donchian n=20 vol=0.0,trend,15m,3,-0.0007480968019682334,-0.0005337730081964,0.0005676676464672581,-0.0013917244856599,-0.0003187929120484,0.7985356491770281,-0.0854146106953143,246,0,-0.0009346514309102667,0.00018655462894203324,0.0,2,0.6666666666666666
donchian n=20 vol=1.5,range,15m,3,-0.0015012271895705667,-0.0017901693988403,0.00219612367597328,-0.003538577227914,0.0008250650580426,0.7031088433218925,-0.0512935717802747,63,1,-0.0007193492754932331,-0.0007818779140773335,0.3333333333333333,1,0.3333333333333333
donchian n=20 vol=1.5,range,5m,1,-0.001042832719405,-0.001042832719405,,-0.001042832719405,-0.001042832719405,0.6456087419839179,-0.0914210633772728,70,0,-0.0006913094329695,-0.00035152328643550006,0.0,0,0.0
donchian n=50 vol=1.5,range,15m,5,-0.00130504684684216,-0.0013414130561779,0.0013222286434022485,-0.0029988330323216,0.0007093631303982,0.6655890713413833,-0.0577225558009294,116,1,-0.0008740110831975,-0.00043103576364466006,0.2,1,0.2
donchian n=50 vol=1.5,range,5m,4,0.00020261648491817503,-5.307931588724999e-05,0.0016727829832931381,-0.0012731012572748,0.002189725828722,1.059137552678925,-0.04300389764903195,155,2,-0.000393284245486325,0.0005959007304045,0.5,2,0.5
donchian n=50 vol=1.5,trend,15m,1,-0.0005487362434864,-0.0005487362434864,,-0.0005487362434864,-0.0005487362434864,0.8548600615794723,-0.0556524773349831,52,0,-0.0006901889926581,0.00014145274917170007,0.0,1,1.0
pullback rsi=35,all,15m,6,-0.0021780497254536165,-0.0024944554368595,0.0011230333175613568,-0.003222265505644,-0.0005908867831004,0.5303742655450127,-0.030289868409425,67,0,-0.0010652285902171834,-0.0011128211352364331,0.0,2,0.3333333333333333
pullback rsi=35,all,5m,5,-0.0010950359108491798,-0.0012322640852127,0.0012337941976206291,-0.0028959042195198,0.0004228999486925,0.5404756084247077,-0.0396303097085605,146,1,-0.00092151880799674,-0.00017351710285243977,0.2,2,0.4
pullback rsi=35,trend,5m,8,-0.00010786133875467495,-0.00036822969529444997,0.0011030428067268243,-0.0018006668564148,0.0015563986853981,0.8463927084350114,-0.0153326852471875,128,3,-0.0008420615127048375,0.0007342001739501626,0.375,6,0.75
pullback rsi=40,all,15m,3,-0.0006198164987729332,-0.0008223450026229,0.0011934545873487387,-0.0016990481197378,0.0006619436260419,0.8624127526834129,-0.0668785731267052,133,1,-0.0010795720361832333,0.0004597555374103,0.3333333333333333,2,0.6666666666666666
pullback rsi=40,range,5m,4,-0.001646656748347425,-0.00169998452436045,0.0007447569773586946,-0.002436521217738,-0.0007501367269308,0.34023066957087506,-0.03387731131178495,79,0,-0.0009760986958411749,-0.0006705580525062501,0.0,1,0.25
pullback rsi=40,trend,15m,1,-0.0007592259126715,-0.0007592259126715,,-0.0007592259126715,-0.0007592259126715,0.7725308608463233,-0.0417902858754869,37,0,-0.0010387334554014,0.0002795075427299,0.0,1,1.0
pullback rsi=40,trend,5m,3,-0.0006668800113022668,-0.0005414421542438,0.0003388981417348545,-0.0010506144511137,-0.0004085834285493,0.6483304608366832,-0.0421250613108925,167,0,-0.0009354759923913667,0.0002685959810891,0.0,3,1.0
vwap n=48 k=3.0,range,15m,1,-0.0045357063429895,-0.0045357063429895,,-0.0045357063429895,-0.0045357063429895,0.3390386763340367,-0.0977533097006692,24,0,-0.0020298569362601,-0.0025058494067294003,0.0,0,0.0
vwap n=48 k=3.0,range,5m,1,-0.0016649445735706,-0.0016649445735706,,-0.0016649445735706,-0.0016649445735706,0.5163138269861255,-0.0710950934061493,47,0,-0.000779246873837,-0.0008856976997336001,0.0,0,0.0
vwap n=48 k=3.0,trend,15m,1,-0.0016858032499179,-0.0016858032499179,,-0.0016858032499179,-0.0016858032499179,0.5523131131606219,-0.1290661455293866,73,0,-0.0008010553926042,-0.0008847478573137,0.0,0,0.0
