signal,interval,folds,mean,median,std,min,max,pf,dd,trades,positive,random,edge,positive_rate,better_random,better_random_rate
breakout n=20,15m,5,-0.0006376223754606156,-0.0006644484247674,0.0013329680590116585,-0.002232256693011,0.0012511216538856,0.7601759986813071,-0.0339002865577846,142,1,-0.00037750500822716584,-0.0002601173672334498,0.2,1,0.2
breakout n=20,5m,6,-0.0009068235114445834,-0.00094237747217645,0.0007744399667987509,-0.0020246539997333,0.0002017969880326,0.6689633462400664,-0.0535387283877098,304,1,-0.0008432278683941167,-6.359564305046667e-05,0.16666666666666666,3,0.5
donchian n=20 vol=0.0,15m,7,9.161224154028563e-05,-0.0010312629560754,0.004582665458030362,-0.0044545917741649,0.0100077824015644,0.7985356491770281,-0.081552895227337,344,1,-0.0009026012414296143,0.0009942134829699,0.14285714285714285,4,0.5714285714285714
donchian n=20 vol=0.0,5m,1,-0.0006857951603235,-0.0006857951603235,,-0.0006857951603235,-0.0006857951603235,0.7627740996567869,-0.0410702871620067,49,0,-0.000924613935382,0.00023881877505849993,0.0,1,1.0
donchian n=20 vol=1.5,15m,3,-0.0015012271895705667,-0.0017901693988403,0.00219612367597328,-0.003538577227914,0.0008250650580426,0.7031088433218925,-0.0512935717802747,63,1,-0.0007193492754932331,-0.0007818779140773335,0.3333333333333333,1,0.3333333333333333
donchian n=20 vol=1.5,5m,1,-0.001042832719405,-0.001042832719405,,-0.001042832719405,-0.001042832719405,0.6456087419839179,-0.0914210633772728,70,0,-0.0006913094329695,-0.00035152328643550006,0.0,0,0.0
donchian n=50 vol=1.5,15m,6,-0.0011789950796162,-0.0013387611864797001,0.0012222786738184568,-0.0029988330323216,0.0007093631303982,0.7061399011201352,-0.05668751656795625,168,1,-0.0008433740681076,-0.0003356210115086001,0.16666666666666666,2,0.3333333333333333
donchian n=50 vol=1.5,5m,4,0.00020261648491817503,-5.307931588724999e-05,0.0016727829832931381,-0.0012731012572748,0.002189725828722,1.059137552678925,-0.04300389764903195,155,2,-0.000393284245486325,0.0005959007304045,0.5,2,0.5
pullback rsi=35,15m,6,-0.0021780497254536165,-0.0024944554368595,0.0011230333175613568,-0.003222265505644,-0.0005908867831004,0.5303742655450127,-0.030289868409425,67,0,-0.0010652285902171834,-0.0011128211352364331,0.0,2,0.3333333333333333
pullback rsi=35,5m,13,-0.00048754386648333073,-0.0006352067524249,0.0012112122033101874,-0.0028959042195198,0.0015563986853981,0.670231685550618,-0.0165027909508417,274,4,-0.0008726220108940307,0.00038507814441069994,0.3076923076923077,8,0.6153846153846154
pullback rsi=40,15m,4,-0.000654668852247575,-0.0007907854576472,0.000976941476009038,-0.0016990481197378,0.0006619436260419,0.8174718067648681,-0.05433442950109605,170,1,-0.001069362390987775,0.00041469353874020007,0.25,3,0.75
pullback rsi=40,5m,7,-0.0012267524324709287,-0.0010506144511137,0.0007680432592893304,-0.002436521217738,-0.0004085834285493,0.4587769043118273,-0.0352590493712674,246,0,-0.0009586889657912572,-0.0002680634666796715,0.0,4,0.5714285714285714
vwap n=48 k=3.0,15m,2,-0.0031107547964537,-0.0031107547964537,0.002015185802835445,-0.0045357063429895,-0.0016858032499179,0.4456758947473293,-0.1134097276150279,97,0,-0.00141545616443215,-0.0016952986320215501,0.0,0,0.0
vwap n=48 k=3.0,5m,1,-0.0016649445735706,-0.0016649445735706,,-0.0016649445735706,-0.0016649445735706,0.5163138269861255,-0.0710950934061493,47,0,-0.000779246873837,-0.0008856976997336001,0.0,0,0.0
