symbol,period,cost,mean_trade,trades,total
BTCUSDT,TEST,0.0012,-5.336373890776171e-05,150,-0.008004560836164257
BTCUSDT,TEST,0.0016,-0.0004533637389077614,150,-0.06800456083616421
BTCUSDT,TEST,0.002,-0.0008533637389077623,150,-0.12800456083616435
BTCUSDT,TEST,0.0024,-0.0012533637389077611,150,-0.18800456083616415
BTCUSDT,HOLDOUT,0.0012,-0.00015478680997684375,80,-0.0123829447981475
BTCUSDT,HOLDOUT,0.0016,-0.0005547868099768441,80,-0.04438294479814753
BTCUSDT,HOLDOUT,0.002,-0.0009547868099768445,80,-0.07638294479814756
BTCUSDT,HOLDOUT,0.0024,-0.0013547868099768434,80,-0.10838294479814747
ETHUSDT,TEST,0.0012,-0.00018979033689343373,155,-0.02941750221848223
ETHUSDT,TEST,0.0016,-0.0005897903368934341,155,-0.09141750221848229
ETHUSDT,TEST,0.002,-0.0009897903368934352,155,-0.15341750221848244
ETHUSDT,TEST,0.0024,-0.0013897903368934332,155,-0.21541750221848216
ETHUSDT,HOLDOUT,0.0012,-0.001073300817395913,82,-0.08801066702646487
ETHUSDT,HOLDOUT,0.0016,-0.0014733008173959128,82,-0.12081066702646485
ETHUSDT,HOLDOUT,0.002,-0.0018733008173959136,82,-0.15361066702646492
ETHUSDT,HOLDOUT,0.0024,-0.002273300817395912,82,-0.1864106670264648
SOLUSDT,TEST,0.0012,1.099047617492182e-05,155,0.001703523807112882
SOLUSDT,TEST,0.0016,-0.00038900952382507853,155,-0.06029647619288717
SOLUSDT,TEST,0.002,-0.0007890095238250793,155,-0.12229647619288729
SOLUSDT,TEST,0.0024,-0.0011890095238250775,155,-0.18429647619288703
SOLUSDT,HOLDOUT,0.0012,0.00016202924990697614,78,0.012638281492744138
SOLUSDT,HOLDOUT,0.0016,-0.00023797075009302372,78,-0.01856171850725585
SOLUSDT,HOLDOUT,0.002,-0.0006379707500930248,78,-0.04976171850725593
SOLUSDT,HOLDOUT,0.0024,-0.0010379707500930229,78,-0.08096171850725578
