signal,exit_reason,trades,mean_net,mean_gross,median_net,win,mfe,mae,duration
breakout n=20,SL,229,-0.00670443860951017,-0.005977679184384139,-0.006460404306210976,0.0,0.0027807010154246373,-0.007474599771554673,7.2314410480349345
breakout n=20,TIME,38,-0.001838795622678232,-0.0010689063159503142,-0.0018384776707828787,0.34210526315789475,0.006949683307275373,-0.005783038614926038,25.57894736842105
breakout n=20,TP,179,0.006802707698008051,0.007249623165843082,0.005872219761998254,1.0,0.009870750504077264,-0.0026174918185168368,6.553072625698324
donchian n=20 vol=0.0,SL,212,-0.006312566972824695,-0.00561659802978582,-0.005593613674497122,0.0,0.0024863558313975246,-0.006987090116810814,8.099056603773585
donchian n=20 vol=0.0,TIME,36,-0.0004250356597117909,0.0002750568525792782,0.00020416540279888373,0.5833333333333334,0.005483829624735849,-0.005193584679069187,26.666666666666668
donchian n=20 vol=0.0,TP,145,0.007163441542443323,0.007566427810910519,0.005878838246224927,1.0,0.010215555314598635,-0.0021575718421451904,7.627586206896551
donchian n=20 vol=1.5,SL,87,-0.006159808850301508,-0.005463732916970179,-0.005468024386544257,0.0,0.0031776694951786144,-0.007667951654818809,6.827586206896552
donchian n=20 vol=1.5,TIME,4,-0.0010686643723510636,-0.0003690226513048374,-2.7391867608250742e-05,0.5,0.004729621577290883,-0.003965196118831817,36.0
donchian n=20 vol=1.5,TP,42,0.008663342500451558,0.00906692890933811,0.007300354707396317,1.0,0.01274778183981313,-0.0016986425059424594,7.023809523809524
donchian n=50 vol=1.5,SL,186,-0.005717653784251547,-0.004966763921039944,-0.005248421234777645,0.0,0.002306107264217391,-0.00624964970537981,6.725806451612903
donchian n=50 vol=1.5,TIME,18,-0.0004878534265645502,0.0002791007239442622,-0.0008214639877874297,0.4444444444444444,0.006655001362054961,-0.004688694743834443,29.333333333333332
donchian n=50 vol=1.5,TP,119,0.007119798359736306,0.007548351517928073,0.0063079201172433486,1.0,0.010310613549816218,-0.0017933292111643614,6.554621848739496
pullback rsi=35,SL,186,-0.004675404546421598,-0.003978288950858386,-0.0038244174280416265,0.0,0.001852697519263203,-0.005681303708830506,6.408602150537634
pullback rsi=35,TIME,31,9.852859575918487e-05,0.0007989878073254295,3.9934151259135575e-06,0.5161290322580645,0.004951131619223271,-0.003121796787347855,25.93548387096774
pullback rsi=35,TP,124,0.004366588958681442,0.004768456150403308,0.0033656594763028513,1.0,0.005848165099730654,-0.0012695893404549863,8.806451612903226
pullback rsi=40,SL,234,-0.004579290961574686,-0.003870602037322408,-0.0037906023730219784,0.0,0.0018087967338848967,-0.005237567022251273,7.205128205128205
pullback rsi=40,TIME,42,7.067515554417694e-05,0.0007782581136072354,0.00043578967494262155,0.6428571428571429,0.004684480393439338,-0.0037445296269749398,26.857142857142858
pullback rsi=40,TP,140,0.0053047297728904975,0.00572632467707926,0.00416195379568951,1.0,0.007350095621384018,-0.0018585050812606689,9.67142857142857
vwap n=48 k=3.0,SL,79,-0.007173369945335976,-0.006410178017499962,-0.006606396713361495,0.0,0.002750784539181103,-0.008204035249985408,7.1645569620253164
vwap n=48 k=3.0,TIME,23,-0.00018855645359588222,0.0005510442379944631,0.00043625745555941897,0.5217391304347826,0.006565967425632094,-0.005274055363001998,25.565217391304348
vwap n=48 k=3.0,TP,42,0.006210953325730131,0.006635285948835299,0.0051172242873327445,1.0,0.007755643707148652,-0.001943803504300572,7.071428571428571
