signal,regime,trades,mean_net,median_net,win_rate,mean_mfe,mean_mae,mean_duration
breakout n=20,range,266,-0.0009595292746656345,-0.00291820145054375,0.38721804511278196,0.005236483491516041,-0.004493657118264452,7.849624060150376
breakout n=20,trend,180,-0.0007348400568616525,-0.00035718093359295004,0.49444444444444446,0.007082379053862485,-0.006692539206163095,9.516666666666667
donchian n=20 vol=0.0,range,147,-0.0005864448018501638,-0.0038932120577942,0.41496598639455784,0.006977132080995272,-0.0054384952365428675,9.013605442176871
donchian n=20 vol=0.0,trend,246,-0.0009295084246430915,-0.00306771046703225,0.4268292682926829,0.004797326859582291,-0.004803338498169169,9.991869918699187
donchian n=20 vol=1.5,range,133,-0.0013256965597493785,-0.0039849596638927,0.3308270676691729,0.00624648548617931,-0.005671545591685268,7.7669172932330826
donchian n=50 vol=1.5,range,271,-0.0007249988047196674,-0.0029228563814179,0.3763837638376384,0.005421708539580771,-0.004362845226799399,7.712177121771218
donchian n=50 vol=1.5,trend,52,-0.0005487362434864674,-0.00214079088928505,0.4807692307692308,0.0058924225742913346,-0.005344355197222503,9.01923076923077
pullback rsi=35,all,213,-0.001356015565622151,-0.0026996729648687,0.3755868544600939,0.003976080045365291,-0.00460288527202986,7.953051643192488
pullback rsi=35,trend,128,-0.0002834571313426719,-0.0010627439307481,0.46875,0.00294026751158325,-0.0025821305119085904,10.890625
pullback rsi=40,all,133,-0.0005614920638059965,-0.002432428536456,0.38345864661654133,0.005724351292918166,-0.005519044209063446,8.345864661654135
pullback rsi=40,range,79,-0.0015863214263635305,-0.0026975273817586,0.31645569620253167,0.002336987030434777,-0.003138786210056273,9.822784810126583
pullback rsi=40,trend,204,-0.0006172829563825084,-0.0020584563315934,0.44607843137254904,0.0034463691268862605,-0.0032404639633153653,11.186274509803921
vwap n=48 k=3.0,range,71,-0.002635342918162914,-0.0051308403249554,0.323943661971831,0.0050703833522077425,-0.00617888463297111,9.943661971830986
vwap n=48 k=3.0,trend,73,-0.0016858032499179891,-0.0040322781648076,0.4246575342465753,0.004576288316141529,-0.005648780771747415,10.205479452054794
