symbol,interval,fold,candidate,signal,regime,profile,tp_mult,sl_mult,hold,signal_time,entry_time,exit_time,side,entry_price,exit_price,tp_price,sl_price,gross,net,entry_fee,exit_fee,exit_reason,duration_bars,mfe,mae,train_n,train_mean,train_pf,fold_test_mean,fold_random_mean,fold_edge_random,duration,exit,win,mfe_bucket,mae_bucket,tp_level,reached_1p5,missed_tp
ETHUSDT,5m,3,14,donchian n=20 vol=1.5,range,maker_both,3.0,1.5,36,2025-07-02 15:10:00+00:00,2025-07-02 15:15:00+00:00,2025-07-02 16:05:00+00:00,LONG,2490.66,2514.146885382356,2514.146885382356,2478.916557308822,0.0094299845753155,0.0090262529586848,0.0002,0.0002,TP,11,0.0198100101981001,-0.0022363550223634,259.0,0.000139049676286,1.0561021568659363,-0.001042832719405,-0.0006913094329695,-0.0003515232864354,11,NA,1.0,>1.00%,-0.25/-0.10%,,True,True
ETHUSDT,5m,5,17,donchian n=50 vol=1.5,range,maker_both,3.0,1.5,36,2025-10-21 20:15:00+00:00,2025-10-21 20:20:00+00:00,2025-10-21 21:20:00+00:00,SHORT,3954.68,3909.039432929995,3909.039432929995,3977.500283535002,0.0115409001663863,0.0111363242679558,0.0002,0.0002,TP,13,0.0171113718429808,-0.0025160063519678,203.0,-0.0001272128537244,0.9545852759106032,0.0009807247379911,-0.0004990297589764,0.0014797544969675,13,NA,1.0,>1.00%,-0.50/-0.25%,,True,True
ETHUSDT,5m,6,17,donchian n=50 vol=1.5,range,maker_both,3.0,1.5,36,2025-11-12 15:35:00+00:00,2025-11-12 15:40:00+00:00,2025-11-12 16:10:00+00:00,SHORT,3454.83,3395.353822288618,3395.353822288618,3484.5680888556903,0.0172153702820055,0.0168085248225076,0.0002,0.0002,TP,7,0.0245540301548845,-0.0025182136313509,196.0,0.0001063452327551,1.0397916876049635,0.002189725828722,0.0001157149489682,0.0020740108797537,7,NA,1.0,>1.00%,-0.50/-0.25%,,True,True
ETHUSDT,5m,6,17,donchian n=50 vol=1.5,range,maker_both,3.0,1.5,36,2025-12-01 00:00:00+00:00,2025-12-01 00:05:00+00:00,2025-12-01 00:05:00+00:00,SHORT,2985.85,2963.5359989667327,2963.5359989667327,2997.007000516633,0.0074732491696727,0.0070703001689349,0.0002,0.0002,TP,1,0.0252323458981528,-0.0001641073731099,196.0,0.0001063452327551,1.0397916876049635,0.002189725828722,0.0001157149489682,0.0020740108797537,1,NA,1.0,>1.00%,-0.10/0%,,True,True
ETHUSDT,5m,6,17,donchian n=50 vol=1.5,range,maker_both,3.0,1.5,36,2025-12-01 00:30:00+00:00,2025-12-01 00:35:00+00:00,2025-12-01 03:10:00+00:00,SHORT,2873.91,2819.978948115344,2819.978948115344,2900.875525942328,0.0187657414061873,0.0183582758602547,0.0002,0.0002,TP,32,0.0212776322153441,-0.0030272346733197,196.0,0.0001063452327551,1.0397916876049635,0.002189725828722,0.0001157149489682,0.0020740108797537,32,NA,1.0,>1.00%,-0.50/-0.25%,,True,True
ETHUSDT,5m,6,17,donchian n=50 vol=1.5,range,maker_both,3.0,1.5,36,2025-12-15 14:45:00+00:00,2025-12-15 14:50:00+00:00,2025-12-15 14:55:00+00:00,SHORT,3089.76,3052.233881115212,3052.233881115212,3108.5230594423942,0.0121453183693193,0.0117405007277846,0.0002,0.0002,TP,2,0.0194254569934235,-0.0024111905131789,196.0,0.0001063452327551,1.0397916876049635,0.002189725828722,0.0001157149489682,0.0020740108797537,2,NA,1.0,>1.00%,-0.25/-0.10%,,True,True
ETHUSDT,5m,7,17,donchian n=50 vol=1.5,range,maker_both,3.0,1.5,36,2026-01-29 14:50:00+00:00,2026-01-29 14:55:00+00:00,2026-01-29 15:00:00+00:00,SHORT,2894.46,2872.084876161244,2872.084876161244,2905.647561919378,0.0077303275356217,0.0073272757138205,0.0002,0.0002,TP,2,0.0190640050302992,-0.0008706287183101,162.0,0.0003398270956935,1.1269622395403769,-0.0012731012572748,-0.0008845056430333,-0.0003885956142414,2,NA,1.0,>1.00%,-0.10/0%,,True,True
ETHUSDT,5m,8,17,donchian n=50 vol=1.5,range,maker_both,3.0,1.5,36,2026-03-02 15:05:00+00:00,2026-03-02 15:10:00+00:00,2026-03-02 15:20:00+00:00,LONG,2003.88,2040.2570241274905,2040.2570241274905,1985.691487936255,0.0181532946720813,0.0177460740803443,0.0002,0.0002,TP,3,0.0205201908297901,-0.0001796514761363,170.0,0.0001299663674581,1.0525456177113488,-0.0010868833697656,-0.0003053165289038,-0.0007815668408618,3,NA,1.0,>1.00%,-0.10/0%,,True,True
ETHUSDT,5m,8,17,donchian n=50 vol=1.5,range,maker_both,3.0,1.5,36,2026-03-04 08:45:00+00:00,2026-03-04 08:50:00+00:00,2026-03-04 09:15:00+00:00,LONG,2049.09,2077.4832109818203,2077.4832109818203,2034.89339450909,0.0138564977535492,0.0134509957087076,0.0002,0.0002,TP,6,0.0150847449355566,-0.0038456095144674,170.0,0.0001299663674581,1.0525456177113488,-0.0010868833697656,-0.0003053165289038,-0.0007815668408618,6,NA,1.0,>1.00%,-0.50/-0.25%,,True,True
ETHUSDT,5m,8,17,donchian n=50 vol=1.5,range,maker_both,3.0,1.5,36,2026-03-06 13:55:00+00:00,2026-03-06 14:00:00+00:00,2026-03-06 14:35:00+00:00,SHORT,2018.52,1991.8241602978533,1991.8241602978533,2031.867919851073,0.0132254521640342,0.0128202025121866,0.0002,0.0002,TP,8,0.0177407209242414,-0.0026058696470681,170.0,0.0001299663674581,1.0525456177113488,-0.0010868833697656,-0.0003053165289038,-0.0007815668408618,8,NA,1.0,>1.00%,-0.50/-0.25%,,True,True
SOLUSDT,5m,2,32,breakout n=20,range,maker_both,2.0,2.0,24,2025-06-26 21:10:00+00:00,2025-06-26 21:15:00+00:00,2025-06-26 21:30:00+00:00,SHORT,141.48,140.4358460302942,140.4358460302942,142.5241539697058,0.0073802231390005,0.0069773113449538,0.0002,0.0002,TP,4,0.0161153519932145,-0.0016256714729998,91.0,0.0002309071859822,1.0764910956609754,-0.0013541700905791,-0.0007881274297731,-0.000566042660806,4,NA,1.0,>1.00%,-0.25/-0.10%,,True,True
SOLUSDT,5m,5,31,breakout n=20,trend,maker_both,2.0,2.0,24,2025-10-10 15:20:00+00:00,2025-10-10 15:25:00+00:00,2025-10-10 15:30:00+00:00,SHORT,213.42,210.50341662070105,210.50341662070105,216.33658337929896,0.0136659328052617,0.013260506978777,0.0002,0.0002,TP,2,0.021928591509699,-0.004170180864024,482.0,-0.0002929622816145,0.9111512323572724,-0.0003791590220348,-0.0008514060343997,0.0004722470123649,2,NA,1.0,>1.00%,-0.50/-0.25%,,True,True
SOLUSDT,5m,5,31,breakout n=20,trend,maker_both,2.0,2.0,24,2025-10-15 10:00:00+00:00,2025-10-15 10:05:00+00:00,2025-10-15 11:15:00+00:00,SHORT,205.06,203.2813162002942,203.2813162002942,206.8386837997058,0.0086739676177986,0.0082705383777104,0.0002,0.0002,TP,15,0.0153613576514191,-0.0059494782015019,482.0,-0.0002929622816145,0.9111512323572724,-0.0003791590220348,-0.0008514060343997,0.0004722470123649,15,NA,1.0,>1.00%,-0.75/-0.50%,,True,True
SOLUSDT,5m,5,31,breakout n=20,trend,maker_both,2.0,2.0,24,2025-10-16 10:10:00+00:00,2025-10-16 10:15:00+00:00,2025-10-16 12:00:00+00:00,LONG,194.96,197.83738120587145,197.83738120587145,192.08261879412856,0.0147588285077525,0.0143529655667027,0.0002,0.0002,TP,22,0.0152338941321296,-0.0029749692244563,482.0,-0.0002929622816145,0.9111512323572724,-0.0003791590220348,-0.0008514060343997,0.0004722470123649,22,NA,1.0,>1.00%,-0.50/-0.25%,,True,True
SOLUSDT,5m,5,31,breakout n=20,trend,maker_both,2.0,2.0,24,2025-10-16 14:00:00+00:00,2025-10-16 14:05:00+00:00,2025-10-16 14:15:00+00:00,SHORT,195.0,192.9795156888569,192.9795156888569,197.02048431114304,0.0103614580058618,0.009957353837118,0.0002,0.0002,TP,3,0.0176410256410256,-0.0016410256410256,482.0,-0.0002929622816145,0.9111512323572724,-0.0003791590220348,-0.0008514060343997,0.0004722470123649,3,NA,1.0,>1.00%,-0.25/-0.10%,,True,True
SOLUSDT,5m,5,31,breakout n=20,trend,maker_both,2.0,2.0,24,2025-10-16 15:25:00+00:00,2025-10-16 15:30:00+00:00,2025-10-16 15:45:00+00:00,SHORT,190.97,188.3268045988067,188.3268045988067,193.6131954011933,0.0138408933402802,0.0134353975365799,0.0002,0.0002,TP,4,0.0177514792899407,-0.0037702256898989,482.0,-0.0002929622816145,0.9111512323572724,-0.0003791590220348,-0.0008514060343997,0.0004722470123649,4,NA,1.0,>1.00%,-0.50/-0.25%,,True,True
SOLUSDT,5m,5,31,breakout n=20,trend,maker_both,2.0,2.0,24,2025-10-24 12:00:00+00:00,2025-10-24 12:05:00+00:00,2025-10-24 12:30:00+00:00,LONG,192.73,193.59504903285875,193.59504903285875,191.86495096714123,0.004488398447874,0.004086643268031,0.0002,0.0002,TP,6,0.0211176256939761,-0.0025424168525916,482.0,-0.0002929622816145,0.9111512323572724,-0.0003791590220348,-0.0008514060343997,0.0004722470123649,6,NA,1.0,>1.00%,-0.50/-0.25%,,True,True
SOLUSDT,5m,5,31,breakout n=20,trend,maker_both,2.0,2.0,24,2025-10-30 12:20:00+00:00,2025-10-30 12:25:00+00:00,2025-10-30 12:40:00+00:00,SHORT,189.27,187.76426816682564,187.76426816682564,190.7757318331744,0.0079554701388194,0.0075523282689828,0.0002,0.0002,TP,4,0.0173825751571829,-0.0029059016220213,482.0,-0.0002929622816145,0.9111512323572724,-0.0003791590220348,-0.0008514060343997,0.0004722470123649,4,NA,1.0,>1.00%,-0.50/-0.25%,,True,True
SOLUSDT,5m,8,32,breakout n=20,range,maker_both,3.0,1.5,36,2026-02-16 13:25:00+00:00,2026-02-16 13:30:00+00:00,2026-02-16 14:25:00+00:00,SHORT,84.94,83.66225024061626,83.66225024061626,85.57887487969187,0.0150429686765215,0.0146369920907696,0.0002,0.0002,TP,12,0.0182481751824817,-0.0023546032493525,127.0,-0.0002305023921245,0.920621149637798,-0.0020246539997333,-0.0007951410681855,-0.0012295129315478,12,NA,1.0,>1.00%,-0.25/-0.10%,,True,True
SOLUSDT,5m,8,32,breakout n=20,range,maker_both,3.0,1.5,36,2026-03-02 14:40:00+00:00,2026-03-02 14:45:00+00:00,2026-03-02 15:00:00+00:00,LONG,84.74,86.07459666590242,86.07459666590242,84.07270166704879,0.0157493116108381,0.0153430525161661,0.0002,0.0002,TP,4,0.0181732357800331,-0.0048383290063723,127.0,-0.0002305023921245,0.920621149637798,-0.0020246539997333,-0.0007951410681855,-0.0012295129315478,4,NA,1.0,>1.00%,-0.50/-0.25%,,True,True
SOLUSDT,5m,8,32,breakout n=20,range,maker_both,3.0,1.5,36,2026-03-03 15:35:00+00:00,2026-03-03 15:40:00+00:00,2026-03-03 16:15:00+00:00,LONG,84.78,86.4920878097435,86.4920878097435,83.92395609512826,0.0201944775860284,0.0197864406027732,0.0002,0.0002,TP,8,0.0213493748525595,-0.00483604623732,127.0,-0.0002305023921245,0.920621149637798,-0.0020246539997333,-0.0007951410681855,-0.0012295129315478,8,NA,1.0,>1.00%,-0.50/-0.25%,,True,True
SOLUSDT,5m,8,32,breakout n=20,range,maker_both,3.0,1.5,36,2026-03-12 23:15:00+00:00,2026-03-12 23:20:00+00:00,2026-03-13 00:15:00+00:00,LONG,86.97,87.68557127850089,87.68557127850089,86.61221436074955,0.008227794394629,0.0078245436059829,0.0002,0.0002,TP,12,0.0250661147522134,-0.0035644475106358,127.0,-0.0002305023921245,0.920621149637798,-0.0020246539997333,-0.0007951410681855,-0.0012295129315478,12,NA,1.0,>1.00%,-0.50/-0.25%,,True,True
SOLUSDT,5m,8,32,breakout n=20,range,maker_both,3.0,1.5,36,2026-03-21 23:50:00+00:00,2026-03-21 23:55:00+00:00,2026-03-22 00:00:00+00:00,SHORT,87.77,86.99656579896934,86.99656579896934,88.15671710051532,0.0088120565230791,0.008408572052952,0.0002,0.0002,TP,2,0.0181155292241083,-0.00159507804489,127.0,-0.0002305023921245,0.920621149637798,-0.0020246539997333,-0.0007951410681855,-0.0012295129315478,2,NA,1.0,>1.00%,-0.25/-0.10%,,True,True
BTCUSDT,15m,1,16,donchian n=50 vol=1.5,trend,maker_both,2.0,2.0,24,2025-04-09 17:15:00+00:00,2025-04-09 17:30:00+00:00,2025-04-09 18:00:00+00:00,LONG,80804.9,82374.99435205561,82374.99435205561,79234.80564794438,0.019430682446926,0.0190229509511745,0.0002,0.0002,TP,3,0.0203589138777475,-0.0002004828915077,220.0,9.272136028664664e-05,1.02554788201618,-0.0005487362434864,-0.0006901889926581,0.0001414527491716,3,NA,1.0,>1.00%,-0.10/0%,,True,True
BTCUSDT,15m,3,10,donchian n=20 vol=0.0,trend,maker_both,3.0,1.5,36,2025-07-10 21:15:00+00:00,2025-07-10 21:30:00+00:00,2025-07-11 05:15:00+00:00,LONG,115690.1,117418.34489704468,117418.34489704468,114825.97755147768,0.0149385720735367,0.01453263724225,0.0002,0.0002,TP,32,0.0151689729717581,-0.0043512798415768,374.0,-0.0003197124103877,0.9121729343577284,-0.0005337730081964,-0.0010300818156149,0.0004963088074185,32,NA,1.0,>1.00%,-0.50/-0.25%,,True,True
BTCUSDT,15m,6,32,breakout n=20,range,maker_both,3.0,1.5,36,2025-11-30 23:15:00+00:00,2025-11-30 23:30:00+00:00,2025-12-01 00:00:00+00:00,SHORT,90615.6,89956.46456336882,89956.46456336882,90945.1677183156,0.0072739730976916,0.0068711037994115,0.0002,0.0002,TP,3,0.0199568286255347,-0.0009744459011471,163.0,-0.0002123413726089,0.9155423161078317,0.0012511216538856,-0.0002998939230758,0.0015510155769614,3,NA,1.0,>1.00%,-0.10/0%,,True,True
BTCUSDT,15m,6,32,breakout n=20,range,maker_both,3.0,1.5,36,2025-12-01 00:15:00+00:00,2025-12-01 00:30:00+00:00,2025-12-01 00:45:00+00:00,SHORT,88338.3,87262.39647528053,87262.39647528053,88876.25176235974,0.012179355101009,0.0117745238461428,0.0002,0.0002,TP,2,0.0158334493645451,-0.0007980683350256,163.0,-0.0002123413726089,0.9155423161078317,0.0012511216538856,-0.0002998939230758,0.0015510155769614,2,NA,1.0,>1.00%,-0.10/0%,,True,True
BTCUSDT,15m,6,32,breakout n=20,range,maker_both,3.0,1.5,36,2025-12-09 15:30:00+00:00,2025-12-09 15:45:00+00:00,2025-12-09 16:00:00+00:00,LONG,92026.5,93276.47386343176,93276.47386343176,91401.51306828413,0.0135827600031704,0.0131773674424795,0.0002,0.0002,TP,2,0.0159084611497775,-0.0023243304917604,163.0,-0.0002123413726089,0.9155423161078317,0.0012511216538856,-0.0002998939230758,0.0015510155769614,2,NA,1.0,>1.00%,-0.25/-0.10%,,True,True
BTCUSDT,15m,6,32,breakout n=20,range,maker_both,3.0,1.5,36,2025-12-15 14:30:00+00:00,2025-12-15 14:45:00+00:00,2025-12-15 14:45:00+00:00,SHORT,89221.2,88469.56238478873,88469.56238478873,89597.01880760564,0.0084244284453836,0.0080210990109828,0.0002,0.0002,TP,1,0.0159289496218387,-0.0010154537262445,163.0,-0.0002123413726089,0.9155423161078317,0.0012511216538856,-0.0002998939230758,0.0015510155769614,1,NA,1.0,>1.00%,-0.25/-0.10%,,True,True
BTCUSDT,15m,6,32,breakout n=20,range,maker_both,3.0,1.5,36,2025-12-18 17:00:00+00:00,2025-12-18 17:15:00+00:00,2025-12-18 19:45:00+00:00,SHORT,86349.7,84462.3870600038,84462.3870600038,87293.35646999809,0.0218566241688875,0.0214479223934849,0.0002,0.0002,TP,11,0.0222328508379299,-0.005974543049947,163.0,-0.0002123413726089,0.9155423161078317,0.0012511216538856,-0.0002998939230758,0.0015510155769614,11,NA,1.0,>1.00%,-0.75/-0.50%,,True,True
BTCUSDT,15m,8,28,pullback rsi=40,trend,maker_both,2.0,1.0,24,2026-03-10 14:15:00+00:00,2026-03-10 14:30:00+00:00,2026-03-10 14:45:00+00:00,LONG,69762.0,70529.11801067219,70529.11801067219,69378.4409946639,0.0109962158578049,0.0105918578113104,0.0002,0.0002,TP,2,0.0249118431237635,-0.0001318769530689,131.0,-0.0002012850105386,0.906666252860824,-0.0007592259126715,-0.0010387334554014,0.0002795075427299,2,NA,1.0,>1.00%,-0.10/0%,,True,True
BTCUSDT,15m,9,17,donchian n=50 vol=1.5,range,maker_both,2.0,2.0,24,2026-04-22 02:15:00+00:00,2026-04-22 02:30:00+00:00,2026-04-22 05:15:00+00:00,LONG,77195.8,77768.32576270415,77768.32576270415,76623.27423729586,0.0074165403131276,0.007013613993664,0.0002,0.0002,TP,12,0.0162146127120905,-0.0021024459879942,98.0,9.352295812467264e-05,1.0339201388893846,-0.001558241959328,-0.0009292788845923,-0.0006289630747356,12,NA,1.0,>1.00%,-0.25/-0.10%,,True,True
BTCUSDT,15m,10,27,pullback rsi=40,all,maker_both,2.0,1.0,24,2026-06-04 13:45:00+00:00,2026-06-04 14:00:00+00:00,2026-06-04 17:15:00+00:00,SHORT,64202.7,63170.57242810354,63170.57242810354,64718.76378594822,0.0160760773596196,0.0156696875717188,0.0002,0.0002,TP,14,0.0178746376710013,-0.0040652495923068,191.0,-7.511873366037442e-05,0.9709143572725888,0.0006619436260419,-0.0007231210805056,0.0013850647065476,14,NA,1.0,>1.00%,-0.50/-0.25%,,True,True
BTCUSDT,15m,10,27,pullback rsi=40,all,maker_both,2.0,1.0,24,2026-06-05 20:45:00+00:00,2026-06-05 21:00:00+00:00,2026-06-06 02:45:00+00:00,SHORT,61586.2,60924.49184,60397.020755246514,62180.78962237674,0.0107444226141569,0.0100370025927696,0.0002,0.0005,TIME,24,0.0183190390054914,-0.0064771003893729,191.0,-7.511873366037442e-05,0.9709143572725888,0.0006619436260419,-0.0007231210805056,0.0013850647065476,24,NA,1.0,>1.00%,-0.75/-0.50%,,True,True
BTCUSDT,15m,10,27,pullback rsi=40,all,maker_both,2.0,1.0,24,2026-06-08 12:00:00+00:00,2026-06-08 12:15:00+00:00,2026-06-08 12:30:00+00:00,LONG,62683.9,63328.67837486815,63328.67837486815,62361.51081256592,0.0102861879185587,0.009882113854839,0.0002,0.0002,TP,2,0.0152527203955082,-0.0001324103956518,191.0,-7.511873366037442e-05,0.9709143572725888,0.0006619436260419,-0.0007231210805056,0.0013850647065476,2,NA,1.0,>1.00%,-0.10/0%,,True,True
ETHUSDT,15m,1,10,donchian n=20 vol=0.0,trend,maker_both,2.0,2.0,24,2025-04-02 20:30:00+00:00,2025-04-02 20:45:00+00:00,2025-04-02 22:15:00+00:00,SHORT,1870.06,1827.096488710564,1827.096488710564,1913.023511289436,0.0229744025803643,0.0225652537383085,0.0002,0.0002,TP,7,0.0289081633744371,-0.0074061794808723,307.0,0.0007046442778954,1.1691347239169825,-0.0003187929120484,-0.0010323640492878,0.0007135711372394,7,NA,1.0,>1.00%,-0.75/-0.50%,,True,True
ETHUSDT,15m,1,10,donchian n=20 vol=0.0,trend,maker_both,2.0,2.0,24,2025-04-06 16:45:00+00:00,2025-04-06 17:00:00+00:00,2025-04-06 17:15:00+00:00,SHORT,1730.25,1707.8853293740892,1707.8853293740892,1752.6146706259108,0.012925687401191,0.0125205576432578,0.0002,0.0002,TP,2,0.0298685161103887,-0.0017338534893801,307.0,0.0007046442778954,1.1691347239169825,-0.0003187929120484,-0.0010323640492878,0.0007135711372394,2,NA,1.0,>1.00%,-0.25/-0.10%,,True,True
ETHUSDT,15m,1,10,donchian n=20 vol=0.0,trend,maker_both,2.0,2.0,24,2025-04-14 09:00:00+00:00,2025-04-14 09:15:00+00:00,2025-04-14 10:15:00+00:00,LONG,1642.69,1661.4701542473656,1661.4701542473656,1623.9098457526345,0.0114325613763799,0.0110280288091317,0.0002,0.0002,TP,5,0.0160590251356006,-0.0073598792224948,307.0,0.0007046442778954,1.1691347239169825,-0.0003187929120484,-0.0010323640492878,0.0007135711372394,5,NA,1.0,>1.00%,-0.75/-0.50%,,True,True
ETHUSDT,15m,1,10,donchian n=20 vol=0.0,trend,maker_both,2.0,2.0,24,2025-04-14 15:30:00+00:00,2025-04-14 15:45:00+00:00,2025-04-14 21:30:00+00:00,SHORT,1636.14,1607.841671058644,1607.841671058644,1664.4383289413563,0.0172957869994965,0.0168889093765283,0.0002,0.0002,TP,24,0.0202549904042441,-0.0089601134377252,307.0,0.0007046442778954,1.1691347239169825,-0.0003187929120484,-0.0010323640492878,0.0007135711372394,24,NA,1.0,>1.00%,-1.00/-0.75%,,True,True
ETHUSDT,15m,1,10,donchian n=20 vol=0.0,trend,maker_both,2.0,2.0,24,2025-04-22 07:15:00+00:00,2025-04-22 07:30:00+00:00,2025-04-22 07:30:00+00:00,LONG,1590.0,1603.3022707639884,1603.3022707639884,1576.6977292360116,0.0083662080276656,0.0079629018791029,0.0002,0.0002,TP,1,0.0210691823899371,-0.0001069182389937,307.0,0.0007046442778954,1.1691347239169825,-0.0003187929120484,-0.0010323640492878,0.0007135711372394,1,NA,1.0,>1.00%,-0.10/0%,,True,True
ETHUSDT,15m,1,10,donchian n=20 vol=0.0,trend,maker_both,2.0,2.0,24,2025-04-22 14:30:00+00:00,2025-04-22 14:45:00+00:00,2025-04-22 15:00:00+00:00,LONG,1669.02,1693.5353364097853,1693.5353364097853,1644.5046635902147,0.0146884617378972,0.0142826269407405,0.0002,0.0002,TP,2,0.0340978538303915,-0.0054043690309283,307.0,0.0007046442778954,1.1691347239169825,-0.0003187929120484,-0.0010323640492878,0.0007135711372394,2,NA,1.0,>1.00%,-0.75/-0.50%,,True,True
ETHUSDT,15m,2,31,breakout n=20,trend,maker_tp,2.0,2.0,24,2025-05-21 14:45:00+00:00,2025-05-21 15:00:00+00:00,2025-05-21 16:30:00+00:00,LONG,2564.3946015000006,2597.935647036841,2597.935647036841,2530.85355596316,0.0130795180730848,0.0123704637183856,0.0005,0.0002,TP,7,0.0197299582795893,-0.0088693844101435,161.0,0.0009706923423155,1.2041368260372387,-0.0014642876028624,-0.0010363086146458,-0.0004279789882166,7,NA,1.0,>1.00%,-1.00/-0.75%,,True,True
ETHUSDT,15m,2,31,breakout n=20,trend,maker_tp,2.0,2.0,24,2025-05-21 23:15:00+00:00,2025-05-21 23:30:00+00:00,2025-05-22 03:15:00+00:00,LONG,2560.0339475000005,2607.5947582042404,2607.5947582042404,2512.4731367957606,0.0185781953206852,0.0178652924417801,0.0005,0.0002,TP,16,0.0190021122757003,-0.0075053487156932,161.0,0.0009706923423155,1.2041368260372387,-0.0014642876028624,-0.0010363086146458,-0.0004279789882166,16,NA,1.0,>1.00%,-1.00/-0.75%,,True,True
ETHUSDT,15m,2,31,breakout n=20,trend,maker_tp,2.0,2.0,24,2025-05-23 12:00:00+00:00,2025-05-23 12:15:00+00:00,2025-05-23 12:15:00+00:00,SHORT,2544.1883145,2499.745048973577,2499.745048973577,2588.631580026423,0.0174685440040459,0.0167564177700973,0.0005,0.0002,TP,1,0.018547492821605,-0.0004448120029284,161.0,0.0009706923423155,1.2041368260372387,-0.0014642876028624,-0.0010363086146458,-0.0004279789882166,1,NA,1.0,>1.00%,-0.10/0%,,True,True
ETHUSDT,15m,2,31,breakout n=20,trend,maker_tp,2.0,2.0,24,2025-05-29 00:15:00+00:00,2025-05-29 00:30:00+00:00,2025-05-29 02:15:00+00:00,LONG,2702.1152565,2731.235673347437,2731.235673347437,2672.9948396525638,0.0107768966469461,0.0100694538969829,0.0005,0.0002,TP,8,0.0180505784802002,-0.0026887293140155,161.0,0.0009706923423155,1.2041368260372387,-0.0014642876028624,-0.0010363086146458,-0.0004279789882166,8,NA,1.0,>1.00%,-0.50/-0.25%,,True,True
ETHUSDT,15m,2,31,breakout n=20,trend,maker_tp,2.0,2.0,24,2025-05-30 22:30:00+00:00,2025-05-30 22:45:00+00:00,2025-05-31 01:30:00+00:00,SHORT,2525.141172,2495.5594811070664,2495.5594811070664,2554.722862892934,0.0117148661710283,0.0110067669361955,0.0005,0.0002,TP,12,0.020252797177076,-0.0072506156103337,161.0,0.0009706923423155,1.2041368260372387,-0.0014642876028624,-0.0010363086146458,-0.0004279789882166,12,NA,1.0,>1.00%,-0.75/-0.50%,,True,True
ETHUSDT,15m,2,31,breakout n=20,trend,maker_tp,2.0,2.0,24,2025-06-05 20:00:00+00:00,2025-06-05 20:15:00+00:00,2025-06-05 20:30:00+00:00,SHORT,2472.02914,2433.036001083283,2433.036001083283,2511.0222789167174,0.015773737568772,0.0150627975298478,0.0005,0.0002,TP,2,0.0281061169044309,-0.0139564940565385,161.0,0.0009706923423155,1.2041368260372387,-0.0014642876028624,-0.0010363086146458,-0.0004279789882166,2,NA,1.0,>1.00%,<-1.00%,,True,True
ETHUSDT,15m,2,31,breakout n=20,trend,maker_tp,2.0,2.0,24,2025-06-13 00:00:00+00:00,2025-06-13 00:15:00+00:00,2025-06-13 00:30:00+00:00,SHORT,2549.297548,2501.7250649232374,2501.7250649232374,2596.870031076762,0.0186610162921486,0.0179480554468456,0.0005,0.0002,TP,2,0.0224405142682857,-0.0087798507544007,161.0,0.0009706923423155,1.2041368260372387,-0.0014642876028624,-0.0010363086146458,-0.0004279789882166,2,NA,1.0,>1.00%,-1.00/-0.75%,,True,True
ETHUSDT,15m,2,31,breakout n=20,trend,maker_tp,2.0,2.0,24,2025-06-13 01:00:00+00:00,2025-06-13 01:15:00+00:00,2025-06-13 07:00:00+00:00,SHORT,2491.6262,2522.3282925,2428.539101677545,2554.713298322455,-0.0123221101544042,-0.0133095411247772,0.0005,0.0005,TIME,24,0.0232082163849456,-0.0166011258028991,161.0,0.0009706923423155,1.2041368260372387,-0.0014642876028624,-0.0010363086146458,-0.0004279789882166,24,NA,0.0,>1.00%,<-1.00%,,True,True
ETHUSDT,15m,2,31,breakout n=20,trend,maker_tp,2.0,2.0,24,2025-06-16 01:45:00+00:00,2025-06-16 02:00:00+00:00,2025-06-16 05:30:00+00:00,LONG,2572.945884,2599.35186754847,2599.35186754847,2546.5399004515302,0.0102629377915318,0.0095558547613716,0.0005,0.0002,TP,15,0.0185756398131844,-0.007662766684136,161.0,0.0009706923423155,1.2041368260372387,-0.0014642876028624,-0.0010363086146458,-0.0004279789882166,15,NA,1.0,>1.00%,-1.00/-0.75%,,True,True
ETHUSDT,15m,2,31,breakout n=20,trend,maker_tp,2.0,2.0,24,2025-06-16 22:30:00+00:00,2025-06-16 22:45:00+00:00,2025-06-17 00:00:00+00:00,SHORT,2568.2647025,2531.6038863116687,2531.6038863116687,2604.9255186883315,0.0142745473831591,0.0135646566274456,0.0005,0.0002,TP,6,0.0172352571200748,-0.0102774832649866,161.0,0.0009706923423155,1.2041368260372387,-0.0014642876028624,-0.0010363086146458,-0.0004279789882166,6,NA,1.0,>1.00%,<-1.00%,,True,True
ETHUSDT,15m,2,31,breakout n=20,trend,maker_tp,2.0,2.0,24,2025-06-23 20:00:00+00:00,2025-06-23 20:15:00+00:00,2025-06-23 22:00:00+00:00,LONG,2360.55403,2406.4304592945614,2406.4304592945614,2314.677600705439,0.0194346025176814,0.0187211002393794,0.0005,0.0002,TP,8,0.0207434226786157,-0.0135070113180167,161.0,0.0009706923423155,1.2041368260372387,-0.0014642876028624,-0.0010363086146458,-0.0004279789882166,8,NA,1.0,>1.00%,<-1.00%,,True,True
ETHUSDT,15m,2,31,breakout n=20,trend,maker_tp,2.0,2.0,24,2025-06-23 22:15:00+00:00,2025-06-23 22:30:00+00:00,2025-06-24 04:15:00+00:00,LONG,2394.5691315000004,2395.740585,2447.642976682471,2341.49528631753,0.0004892126456444,-0.000511026444698,0.0005,0.0005,TIME,24,0.0151471377555422,-0.0051905502900284,161.0,0.0009706923423155,1.2041368260372387,-0.0014642876028624,-0.0010363086146458,-0.0004279789882166,24,NA,0.0,>1.00%,-0.75/-0.50%,,True,True
ETHUSDT,15m,3,17,donchian n=50 vol=1.5,range,maker_tp,3.0,1.5,36,2025-07-02 14:15:00+00:00,2025-07-02 14:30:00+00:00,2025-07-02 15:00:00+00:00,LONG,2458.7987645000003,2485.398014068987,2485.398014068987,2445.499139715507,0.0108179855761378,0.010110514068033,0.0005,0.0002,TP,3,0.0179645590105792,-0.0002272510089348,60.0,0.0023673686468071,1.6402177534319806,-0.0029988330323216,-0.0011347458791149,-0.0018640871532066,3,NA,1.0,>1.00%,-0.10/0%,,True,True
ETHUSDT,15m,3,17,donchian n=50 vol=1.5,range,maker_tp,3.0,1.5,36,2025-07-31 18:00:00+00:00,2025-07-31 18:15:00+00:00,2025-07-31 21:45:00+00:00,SHORT,3774.2437785,3713.1496622327622,3713.1496622327622,3804.790836633619,0.0161871145195391,0.0154758851580869,0.0005,0.0002,TP,15,0.0177529016227536,-0.0034116030271677,60.0,0.0023673686468071,1.6402177534319806,-0.0029988330323216,-0.0011347458791149,-0.0018640871532066,15,NA,1.0,>1.00%,-0.50/-0.25%,,True,True
ETHUSDT,15m,4,17,donchian n=50 vol=1.5,range,maker_tp,3.0,1.5,36,2025-08-18 01:15:00+00:00,2025-08-18 01:30:00+00:00,2025-08-18 02:45:00+00:00,SHORT,4397.100336,4326.26431002583,4326.26431002583,4432.518348987085,0.0161097133477306,0.0153985381593586,0.0005,0.0002,TP,6,0.0207182754630688,-0.0072274138799637,67.0,0.0005109474929457,1.1213927301719269,-0.0013361093167815,-0.0003459213238262,-0.0009901879929552,6,NA,1.0,>1.00%,-0.75/-0.50%,,True,True
ETHUSDT,15m,4,17,donchian n=50 vol=1.5,range,maker_tp,3.0,1.5,36,2025-08-22 14:00:00+00:00,2025-08-22 14:15:00+00:00,2025-08-22 16:00:00+00:00,LONG,4576.8364225000005,4717.972903124572,4717.972903124572,4506.268182187715,0.0308371258213941,0.0301156429170319,0.0005,0.0002,TP,8,0.04273117049553,-0.0090731716553936,67.0,0.0005109474929457,1.1213927301719269,-0.0013361093167815,-0.0003459213238262,-0.0009901879929552,8,NA,1.0,>1.00%,-1.00/-0.75%,,True,True
ETHUSDT,15m,4,17,donchian n=50 vol=1.5,range,maker_tp,3.0,1.5,36,2025-08-28 15:45:00+00:00,2025-08-28 16:00:00+00:00,2025-08-28 19:45:00+00:00,SHORT,4519.062039,4446.009561747676,4446.009561747676,4555.588277626161,0.0161654070295721,0.0154541928611922,0.0005,0.0002,TP,16,0.0191548684777857,-0.0021482247679319,67.0,0.0005109474929457,1.1213927301719269,-0.0013361093167815,-0.0003459213238262,-0.0009901879929552,16,NA,1.0,>1.00%,-0.25/-0.10%,,True,True
ETHUSDT,15m,4,17,donchian n=50 vol=1.5,range,maker_tp,3.0,1.5,36,2025-09-04 14:00:00+00:00,2025-09-04 14:15:00+00:00,2025-09-04 18:30:00+00:00,SHORT,4349.3375015,4276.381940815708,4276.381940815708,4385.815281842146,0.0167739479079587,0.016062307821818,0.0005,0.0002,TP,18,0.0187011243601924,-0.0031619754721856,67.0,0.0005109474929457,1.1213927301719269,-0.0013361093167815,-0.0003459213238262,-0.0009901879929552,18,NA,1.0,>1.00%,-0.50/-0.25%,,True,True
ETHUSDT,15m,4,17,donchian n=50 vol=1.5,range,maker_tp,3.0,1.5,36,2025-09-22 00:45:00+00:00,2025-09-22 01:00:00+00:00,2025-09-22 02:30:00+00:00,SHORT,4339.1590285,4279.368426680659,4279.368426680659,4369.054329409671,0.0137793064109039,0.0130697622743469,0.0005,0.0002,TP,7,0.019558865656357,-0.0023970016843553,67.0,0.0005109474929457,1.1213927301719269,-0.0013361093167815,-0.0003459213238262,-0.0009901879929552,7,NA,1.0,>1.00%,-0.25/-0.10%,,True,True
ETHUSDT,15m,5,32,breakout n=20,range,maker_both,3.0,1.5,36,2025-10-01 08:30:00+00:00,2025-10-01 08:45:00+00:00,2025-10-01 14:30:00+00:00,LONG,4270.65,4329.761391183536,4329.761391183536,4241.094304408231,0.0138413101479953,0.0134358141775885,0.0002,0.0002,TP,24,0.0157680915083184,-0.0007258848184701,90.0,0.0012682744103426,1.295940261384903,-7.824081054787843e-05,5.473436679127088e-05,-0.0001329751773391,24,NA,1.0,>1.00%,-0.10/0%,,True,True
ETHUSDT,15m,5,32,breakout n=20,range,maker_both,3.0,1.5,36,2025-10-19 13:45:00+00:00,2025-10-19 14:00:00+00:00,2025-10-19 22:45:00+00:00,LONG,3970.25,4017.937219,4033.963384246127,3938.393307876937,0.0120111375857943,0.011302830990598,0.0002,0.0005,TIME,36,0.0150494301366412,-0.0045009760090674,90.0,0.0012682744103426,1.295940261384903,-7.824081054787843e-05,5.473436679127088e-05,-0.0001329751773391,36,NA,1.0,>1.00%,-0.50/-0.25%,,True,True
ETHUSDT,15m,5,32,breakout n=20,range,maker_both,3.0,1.5,36,2025-10-21 20:15:00+00:00,2025-10-21 20:30:00+00:00,2025-10-21 23:30:00+00:00,SHORT,3950.55,3858.426276229974,3858.426276229974,3996.611861885013,0.0233192147346638,0.0229099279815385,0.0002,0.0002,TP,13,0.024047284555315,-0.0035640607004087,90.0,0.0012682744103426,1.295940261384903,-7.824081054787843e-05,5.473436679127088e-05,-0.0001329751773391,13,NA,1.0,>1.00%,-0.50/-0.25%,,True,True
ETHUSDT,15m,5,32,breakout n=20,range,maker_both,3.0,1.5,36,2025-10-28 20:00:00+00:00,2025-10-28 20:15:00+00:00,2025-10-29 05:00:00+00:00,SHORT,3999.17,4014.142031,3918.751045080847,4039.3794774595767,-0.0037437845853015,-0.0044410643104703,0.0002,0.0005,TIME,36,0.0185438478484285,-0.004896015923304,90.0,0.0012682744103426,1.295940261384903,-7.824081054787843e-05,5.473436679127088e-05,-0.0001329751773391,36,NA,0.0,>1.00%,-0.50/-0.25%,,True,True
ETHUSDT,15m,6,11,donchian n=20 vol=0.0,range,maker_both,3.0,1.5,36,2025-11-11 17:30:00+00:00,2025-11-11 17:45:00+00:00,2025-11-12 02:30:00+00:00,SHORT,3458.1,3423.5834605000005,3387.9840247409143,3493.1579876295427,0.0099813595616088,0.0092744736080516,0.0002,0.0005,TIME,36,0.0159278216361585,-0.0078655909314364,123.0,0.0010546428363789,1.2664433503128958,0.0100077824015644,0.0006839129513718,0.0093238694501925,36,NA,1.0,>1.00%,-1.00/-0.75%,,True,True
ETHUSDT,15m,6,11,donchian n=20 vol=0.0,range,maker_both,3.0,1.5,36,2025-11-12 15:30:00+00:00,2025-11-12 15:45:00+00:00,2025-11-12 16:00:00+00:00,SHORT,3456.96,3380.3840159160764,3380.3840159160764,3495.247992041962,0.0221512496771509,0.0217424300633302,0.0002,0.0002,TP,2,0.0251550495232805,-0.0019005137461816,123.0,0.0010546428363789,1.2664433503128958,0.0100077824015644,0.0006839129513718,0.0093238694501925,2,NA,1.0,>1.00%,-0.25/-0.10%,,True,True
ETHUSDT,15m,6,11,donchian n=20 vol=0.0,range,maker_both,3.0,1.5,36,2025-11-13 13:15:00+00:00,2025-11-13 13:30:00+00:00,2025-11-13 14:30:00+00:00,SHORT,3466.79,3409.735388252405,3409.735388252405,3495.317305873797,0.0164574755746944,0.0160509332427636,0.0002,0.0002,TP,5,0.0217867248953642,-0.0012576475644616,123.0,0.0010546428363789,1.2664433503128958,0.0100077824015644,0.0006839129513718,0.0093238694501925,5,NA,1.0,>1.00%,-0.25/-0.10%,,True,True
ETHUSDT,15m,6,11,donchian n=20 vol=0.0,range,maker_both,3.0,1.5,36,2025-11-13 15:30:00+00:00,2025-11-13 15:45:00+00:00,2025-11-13 17:00:00+00:00,SHORT,3390.24,3303.039496377736,3303.039496377736,3433.840251811132,0.0257210414667585,0.0253107940790136,0.0002,0.0002,TP,6,0.0289301052432865,-0.0022771249233093,123.0,0.0010546428363789,1.2664433503128958,0.0100077824015644,0.0006839129513718,0.0093238694501925,6,NA,1.0,>1.00%,-0.25/-0.10%,,True,True
ETHUSDT,15m,6,11,donchian n=20 vol=0.0,range,maker_both,3.0,1.5,36,2025-11-30 23:15:00+00:00,2025-11-30 23:30:00+00:00,2025-12-01 00:00:00+00:00,SHORT,3006.65,2975.3526204943155,2975.3526204943155,3022.298689752842,0.0104093856969333,0.01000526235903,0.0002,0.0002,TP,3,0.0354713717925265,-0.0006884738828928,123.0,0.0010546428363789,1.2664433503128958,0.0100077824015644,0.0006839129513718,0.0093238694501925,3,NA,1.0,>1.00%,-0.10/0%,,True,True
ETHUSDT,15m,6,11,donchian n=20 vol=0.0,range,maker_both,3.0,1.5,36,2025-12-01 00:15:00+00:00,2025-12-01 00:30:00+00:00,2025-12-01 00:45:00+00:00,SHORT,2891.76,2833.9509132636963,2833.9509132636963,2920.6645433681524,0.0199909697679973,0.0195830141797288,0.0002,0.0002,TP,2,0.0213572357318727,-0.0011100506266078,123.0,0.0010546428363789,1.2664433503128958,0.0100077824015644,0.0006839129513718,0.0093238694501925,2,NA,1.0,>1.00%,-0.25/-0.10%,,True,True
ETHUSDT,15m,6,11,donchian n=20 vol=0.0,range,maker_both,3.0,1.5,36,2025-12-15 14:45:00+00:00,2025-12-15 15:00:00+00:00,2025-12-15 15:15:00+00:00,SHORT,3046.75,2988.9519814829505,2988.9519814829505,3075.6490092585245,0.018970384349569,0.0185628369546444,0.0002,0.0002,TP,2,0.0190301140559612,-0.0043456141790431,123.0,0.0010546428363789,1.2664433503128958,0.0100077824015644,0.0006839129513718,0.0093238694501925,2,NA,1.0,>1.00%,-0.50/-0.25%,,True,True
ETHUSDT,15m,7,11,donchian n=20 vol=0.0,range,maker_both,3.0,1.5,36,2026-01-13 15:45:00+00:00,2026-01-13 16:00:00+00:00,2026-01-13 22:00:00+00:00,LONG,3183.11,3226.786129006164,3226.786129006164,3161.2719354969186,0.0137212125896257,0.0133157646534385,0.0002,0.0002,TP,25,0.0629949954604145,-0.0040463571789853,98.0,0.0018760971029078,1.4992286884092243,-0.0016363515746374,-0.0015567195658692,-7.96320087681256e-05,25,NA,1.0,>1.00%,-0.50/-0.25%,,True,True
ETHUSDT,15m,7,11,donchian n=20 vol=0.0,range,maker_both,3.0,1.5,36,2026-01-29 14:45:00+00:00,2026-01-29 15:00:00+00:00,2026-01-29 15:00:00+00:00,SHORT,2874.79,2840.4676047174435,2840.4676047174435,2891.951197641278,0.0119390965192436,0.0115343613581997,0.0002,0.0002,TP,1,0.0225233843167674,-0.0004209003092399,98.0,0.0018760971029078,1.4992286884092243,-0.0016363515746374,-0.0015567195658692,-7.96320087681256e-05,1,NA,1.0,>1.00%,-0.10/0%,,True,True
ETHUSDT,15m,8,11,donchian n=20 vol=0.0,range,maker_both,3.0,1.5,36,2026-02-18 06:15:00+00:00,2026-02-18 06:30:00+00:00,2026-02-18 08:15:00+00:00,LONG,2004.32,2024.881675204829,2024.881675204829,1994.0391623975852,0.0102586788560853,0.0098546157948902,0.0002,0.0002,TP,8,0.0169384130278598,-0.0043705595912828,105.0,0.0017151280397164,1.5130694621164062,-0.0010312629560754,-0.0013706982513504,0.0003394352952749,8,NA,1.0,>1.00%,-0.50/-0.25%,,True,True
ETHUSDT,15m,8,11,donchian n=20 vol=0.0,range,maker_both,3.0,1.5,36,2026-02-18 11:00:00+00:00,2026-02-18 11:15:00+00:00,2026-02-18 14:45:00+00:00,SHORT,1984.05,1957.8583015683464,1957.8583015683464,1997.145849215827,0.0132011282133281,0.012795888290088,0.0002,0.0002,TP,15,0.015549003301328,-0.0035533378695093,105.0,0.0017151280397164,1.5130694621164062,-0.0010312629560754,-0.0013706982513504,0.0003394352952749,15,NA,1.0,>1.00%,-0.50/-0.25%,,True,True
ETHUSDT,15m,8,11,donchian n=20 vol=0.0,range,maker_both,3.0,1.5,36,2026-02-25 11:45:00+00:00,2026-02-25 12:00:00+00:00,2026-02-25 12:45:00+00:00,LONG,1925.28,1950.3188758544743,1950.3188758544743,1912.7605620727627,0.0130053165536828,0.0126001549472742,0.0002,0.0002,TP,4,0.0162885398487493,-0.0021035901271503,105.0,0.0017151280397164,1.5130694621164062,-0.0010312629560754,-0.0013706982513504,0.0003394352952749,4,NA,1.0,>1.00%,-0.25/-0.10%,,True,True
ETHUSDT,15m,8,11,donchian n=20 vol=0.0,range,maker_both,3.0,1.5,36,2026-02-27 16:00:00+00:00,2026-02-27 16:15:00+00:00,2026-02-27 22:30:00+00:00,SHORT,1935.32,1895.5752458696236,1895.5752458696236,1955.1923770651883,0.0205365283934318,0.0201283546035355,0.0002,0.0002,TP,26,0.0260008680734968,-0.0047123989831139,105.0,0.0017151280397164,1.5130694621164062,-0.0010312629560754,-0.0013706982513504,0.0003394352952749,26,NA,1.0,>1.00%,-0.50/-0.25%,,True,True
ETHUSDT,15m,8,11,donchian n=20 vol=0.0,range,maker_both,3.0,1.5,36,2026-03-02 15:00:00+00:00,2026-03-02 15:15:00+00:00,2026-03-02 16:30:00+00:00,LONG,2027.71,2081.7656720113696,2081.7656720113696,2000.6821639943155,0.0266584827274953,0.0262478604007436,0.0002,0.0002,TP,6,0.0272672127671116,-0.0035113502423917,105.0,0.0017151280397164,1.5130694621164062,-0.0010312629560754,-0.0013706982513504,0.0003394352952749,6,NA,1.0,>1.00%,-0.50/-0.25%,,True,True
ETHUSDT,15m,8,11,donchian n=20 vol=0.0,range,maker_both,3.0,1.5,36,2026-03-04 07:30:00+00:00,2026-03-04 07:45:00+00:00,2026-03-04 08:30:00+00:00,LONG,1992.19,2025.6198219017251,2025.6198219017251,1975.4750890491373,0.0167804385634529,0.0163737670592452,0.0002,0.0002,TP,4,0.0189791134379752,-0.0016012528925454,105.0,0.0017151280397164,1.5130694621164062,-0.0010312629560754,-0.0013706982513504,0.0003394352952749,4,NA,1.0,>1.00%,-0.25/-0.10%,,True,True
ETHUSDT,15m,8,11,donchian n=20 vol=0.0,range,maker_both,3.0,1.5,36,2026-03-06 13:45:00+00:00,2026-03-06 14:00:00+00:00,2026-03-06 14:45:00+00:00,SHORT,2018.52,1980.1529883955357,1980.1529883955357,2037.7035058022325,0.0190074963857006,0.0185999341474463,0.0002,0.0002,TP,4,0.0239383310544358,-0.0026058696470681,105.0,0.0017151280397164,1.5130694621164062,-0.0010312629560754,-0.0013706982513504,0.0003394352952749,4,NA,1.0,>1.00%,-0.50/-0.25%,,True,True
ETHUSDT,15m,8,11,donchian n=20 vol=0.0,range,maker_both,3.0,1.5,36,2026-03-21 23:00:00+00:00,2026-03-21 23:15:00+00:00,2026-03-21 23:45:00+00:00,SHORT,2145.2,2134.29979330557,2134.29979330557,2150.650103347215,0.0050812076703477,0.0046792153905279,0.0002,0.0002,TP,3,0.0356237180682452,-0.0008297594629872,105.0,0.0017151280397164,1.5130694621164062,-0.0010312629560754,-0.0013706982513504,0.0003394352952749,3,NA,1.0,>1.00%,-0.10/0%,,True,True
ETHUSDT,15m,9,17,donchian n=50 vol=1.5,range,maker_both,2.0,2.0,24,2026-04-05 22:45:00+00:00,2026-04-05 23:00:00+00:00,2026-04-05 23:15:00+00:00,LONG,2084.99,2102.2206866428014,2102.2206866428014,2067.759313357198,0.0082641579301587,0.0078608925975529,0.0002,0.0002,TP,2,0.015832210226428,-0.001913678243061,57.0,0.001101039179107,1.321847496292609,0.0007093631303982,-0.0011655321351237,0.001874895265522,2,NA,1.0,>1.00%,-0.25/-0.10%,,True,True
ETHUSDT,15m,9,17,donchian n=50 vol=1.5,range,maker_both,2.0,2.0,24,2026-04-07 21:00:00+00:00,2026-04-07 21:15:00+00:00,2026-04-07 22:30:00+00:00,LONG,2141.09,2165.503633123049,2165.503633123049,2116.676366876951,0.0114024319963426,0.0109979114796414,0.0002,0.0002,TP,6,0.0236888687537655,-0.0065293845658052,57.0,0.001101039179107,1.321847496292609,0.0007093631303982,-0.0011655321351237,0.001874895265522,6,NA,1.0,>1.00%,-0.75/-0.50%,,True,True
ETHUSDT,15m,9,17,donchian n=50 vol=1.5,range,maker_both,2.0,2.0,24,2026-04-29 15:30:00+00:00,2026-04-29 15:45:00+00:00,2026-04-29 18:00:00+00:00,SHORT,2272.58,2251.7945765801637,2251.7945765801637,2293.3654234198366,0.0091461789771258,0.0087425608713822,0.0002,0.0002,TP,10,0.0206329370143184,-0.0054035501500498,57.0,0.001101039179107,1.321847496292609,0.0007093631303982,-0.0011655321351237,0.001874895265522,10,NA,1.0,>1.00%,-0.75/-0.50%,,True,True
ETHUSDT,15m,10,17,donchian n=50 vol=1.5,range,maker_both,2.0,2.0,24,2026-06-23 05:15:00+00:00,2026-06-23 05:30:00+00:00,2026-06-23 06:15:00+00:00,SHORT,1712.86,1701.3657432194366,1701.3657432194366,1724.3542567805632,0.0067105640744505,0.0063079201172433,0.0002,0.0002,TP,4,0.0191842882664081,-0.0009457865791717,69.0,0.0012632610533781,1.3989185371080983,-0.0013414130561779,-0.0007945771933304,-0.0005468358628475,4,NA,1.0,>1.00%,-0.10/0%,,True,True
ETHUSDT,15m,11,24,pullback rsi=35,all,maker_both,2.0,2.0,24,2026-07-27 12:15:00+00:00,2026-07-27 12:30:00+00:00,2026-07-27 13:30:00+00:00,LONG,1947.28,1959.639965292101,1959.639965292101,1934.920034707899,0.0063472974056637,0.0059447987405933,0.0002,0.0002,TP,5,0.0155601659751037,-0.002814181833121,56.0,0.0007585929533459,1.208877074453628,-0.0032096653594422,-0.0009804382548538,-0.0022292271045883,5,NA,1.0,>1.00%,-0.50/-0.25%,,True,True
ETHUSDT,15m,11,24,pullback rsi=35,all,maker_both,2.0,2.0,24,2026-07-28 12:45:00+00:00,2026-07-28 13:00:00+00:00,2026-07-28 13:30:00+00:00,SHORT,1891.59,1879.7660860371132,1879.7660860371132,1903.4139139628865,0.0062507805406491,0.005848320478464,0.0002,0.0002,TP,3,0.0172183189803286,-0.0022362139787163,56.0,0.0007585929533459,1.208877074453628,-0.0032096653594422,-0.0009804382548538,-0.0022292271045883,3,NA,1.0,>1.00%,-0.25/-0.10%,,True,True
SOLUSDT,15m,1,24,pullback rsi=35,all,maker_both,2.0,2.0,24,2025-04-07 13:45:00+00:00,2025-04-07 14:00:00+00:00,2025-04-07 14:15:00+00:00,SHORT,106.5,110.33267319289972,102.70041668209564,110.29958331790436,-0.0359875417173682,-0.0366622540369202,0.0002,0.0005,SL,2,0.016338028169014,-0.0627230046948357,50.0,0.000522448474214,1.0973402635059466,-0.0027897292435204,-0.0018050196858774,-0.000984709557643,2,NA,0.0,>1.00%,<-1.00%,,True,True
SOLUSDT,15m,1,24,pullback rsi=35,all,maker_both,2.0,2.0,24,2025-04-10 03:15:00+00:00,2025-04-10 03:30:00+00:00,2025-04-10 06:15:00+00:00,LONG,115.01,116.81524383104852,116.81524383104852,113.20475616895148,0.0156964075388967,0.0152901696037375,0.0002,0.0002,TP,12,0.016520302582384,-0.0051299886966351,50.0,0.000522448474214,1.0973402635059466,-0.0027897292435204,-0.0018050196858774,-0.000984709557643,12,NA,1.0,>1.00%,-0.75/-0.50%,,True,True
SOLUSDT,15m,1,24,pullback rsi=35,all,maker_both,2.0,2.0,24,2025-04-13 19:30:00+00:00,2025-04-13 19:45:00+00:00,2025-04-13 21:00:00+00:00,LONG,127.77,125.4374418996448,130.0649155750277,125.4750844249723,-0.0182559137540517,-0.0189430364400151,0.0002,0.0005,SL,6,0.0158096579791813,-0.0194881427565155,50.0,0.000522448474214,1.0973402635059466,-0.0027897292435204,-0.0018050196858774,-0.000984709557643,6,NA,0.0,>1.00%,<-1.00%,,True,True
SOLUSDT,15m,1,24,pullback rsi=35,all,maker_both,2.0,2.0,24,2025-05-14 08:45:00+00:00,2025-05-14 09:00:00+00:00,2025-05-14 11:30:00+00:00,LONG,178.39,181.2909550096912,181.2909550096912,175.48904499030877,0.0162618701143069,0.0158554060167361,0.0002,0.0002,TP,11,0.0196199338527944,-0.0049330119401311,50.0,0.000522448474214,1.0973402635059466,-0.0027897292435204,-0.0018050196858774,-0.000984709557643,11,NA,1.0,>1.00%,-0.50/-0.25%,,True,True
SOLUSDT,15m,2,8,vwap n=48 k=3.0,range,maker_tp,3.0,1.5,36,2025-05-24 02:00:00+00:00,2025-05-24 02:15:00+00:00,2025-05-24 11:00:00+00:00,LONG,174.622371,177.256807,178.5122271778021,172.67744291109892,0.0150864748022464,0.0140716420990629,0.0005,0.0005,TIME,36,0.0187698115724245,-0.0086035425552662,51.0,0.0009944760822322,1.1838981458634303,-0.0045357063429895,-0.0020298569362601,-0.0025058494067293,36,NA,1.0,>1.00%,-1.00/-0.75%,,True,True
SOLUSDT,15m,2,8,vwap n=48 k=3.0,range,maker_tp,3.0,1.5,36,2025-05-25 00:45:00+00:00,2025-05-25 01:00:00+00:00,2025-05-25 09:45:00+00:00,LONG,171.25135999999998,171.878421,174.42264194968553,169.6657190251572,0.0036616409936833,0.0026582302681001,0.0005,0.0005,TIME,36,0.0179189233884041,-0.0073071536482979,51.0,0.0009944760822322,1.1838981458634303,-0.0045357063429895,-0.0020298569362601,-0.0025058494067293,36,NA,1.0,>1.00%,-0.75/-0.50%,,True,True
SOLUSDT,15m,2,8,vwap n=48 k=3.0,range,maker_tp,3.0,1.5,36,2025-05-27 01:00:00+00:00,2025-05-27 01:15:00+00:00,2025-05-27 06:00:00+00:00,LONG,172.111618,174.60226796468947,174.60226796468947,170.86629301765527,0.0144711321271146,0.0137611037817388,0.0005,0.0002,TP,20,0.0156780932708447,-0.0061100930443869,51.0,0.0009944760822322,1.1838981458634303,-0.0045357063429895,-0.0020298569362601,-0.0025058494067293,20,NA,1.0,>1.00%,-0.75/-0.50%,,True,True
SOLUSDT,15m,2,8,vwap n=48 k=3.0,range,maker_tp,3.0,1.5,36,2025-05-27 13:15:00+00:00,2025-05-27 13:30:00+00:00,2025-05-27 14:30:00+00:00,SHORT,178.12654600000002,175.5578595262589,175.5578595262589,179.4108892368706,0.0144205708324974,0.0137105778749717,0.0005,0.0002,TP,5,0.0176085264685927,-0.0069807337980942,51.0,0.0009944760822322,1.1838981458634303,-0.0045357063429895,-0.0020298569362601,-0.0025058494067293,5,NA,1.0,>1.00%,-0.75/-0.50%,,True,True
SOLUSDT,15m,2,8,vwap n=48 k=3.0,range,maker_tp,3.0,1.5,36,2025-06-03 02:00:00+00:00,2025-06-03 02:15:00+00:00,2025-06-03 11:00:00+00:00,SHORT,160.76175700000002,161.258363,157.91111793802878,162.18707653098565,-0.0030890804459171,-0.0040857421377412,0.0005,0.0005,TIME,36,0.0164327452579409,-0.005898436404872,51.0,0.0009944760822322,1.1838981458634303,-0.0045357063429895,-0.0020298569362601,-0.0025058494067293,36,NA,0.0,>1.00%,-0.75/-0.50%,,True,True
SOLUSDT,15m,2,8,vwap n=48 k=3.0,range,maker_tp,3.0,1.5,36,2025-06-20 10:30:00+00:00,2025-06-20 10:45:00+00:00,2025-06-20 13:45:00+00:00,SHORT,148.435456,146.6030316424641,146.6030316424641,149.35166817876794,0.0123449235574544,0.0116363833454564,0.0005,0.0002,TP,13,0.0171485712955266,-0.0021190624428708,51.0,0.0009944760822322,1.1838981458634303,-0.0045357063429895,-0.0020298569362601,-0.0025058494067293,13,NA,1.0,>1.00%,-0.25/-0.10%,,True,True
SOLUSDT,15m,4,24,pullback rsi=35,all,maker_both,1.5,1.0,12,2025-08-28 16:45:00+00:00,2025-08-28 17:00:00+00:00,2025-08-28 17:30:00+00:00,LONG,207.4,210.44872067820023,210.44872067820023,205.3675195478665,0.0146997139739645,0.0142938746763636,0.0002,0.0002,TP,3,0.015380906460945,-0.0008678881388621,52.0,0.0003320809782112,1.086507505500663,-0.0010565698308161,-0.0011112446593049,5.46748284887379e-05,3,NA,1.0,>1.00%,-0.10/0%,,True,True
SOLUSDT,15m,5,27,pullback rsi=40,all,maker_both,2.0,2.0,24,2025-10-13 11:30:00+00:00,2025-10-13 11:45:00+00:00,2025-10-13 13:30:00+00:00,LONG,192.51,195.80666517956905,195.80666517956905,189.21333482043093,0.0171246438084726,0.0167178346359351,0.0002,0.0002,TP,8,0.0227520648278011,-0.0067528959534568,179.0,0.0013365435483345,1.2824485463476285,-0.0008223450026229,-0.0010282214220876,0.0002058764194646,8,NA,1.0,>1.00%,-0.75/-0.50%,,True,True
SOLUSDT,15m,5,27,pullback rsi=40,all,maker_both,2.0,2.0,24,2025-10-16 10:15:00+00:00,2025-10-16 10:30:00+00:00,2025-10-16 14:15:00+00:00,SHORT,195.33,191.8010559488962,191.8010559488962,198.85894405110383,0.0180665747765515,0.0176593888693041,0.0002,0.0002,TP,16,0.020785337633748,-0.0154098192801924,179.0,0.0013365435483345,1.2824485463476285,-0.0008223450026229,-0.0010282214220876,0.0002058764194646,16,NA,1.0,>1.00%,<-1.00%,,True,True
SOLUSDT,15m,5,27,pullback rsi=40,all,maker_both,2.0,2.0,24,2025-10-22 12:15:00+00:00,2025-10-22 12:30:00+00:00,2025-10-22 14:15:00+00:00,SHORT,186.0,183.82044011327883,183.82044011327883,188.1795598867212,0.011718063907103,0.0113134171502629,0.0002,0.0002,TP,8,0.0206451612903225,-0.0049462365591397,179.0,0.0013365435483345,1.2824485463476285,-0.0008223450026229,-0.0010282214220876,0.0002058764194646,8,NA,1.0,>1.00%,-0.50/-0.25%,,True,True
SOLUSDT,15m,5,27,pullback rsi=40,all,maker_both,2.0,2.0,24,2025-10-26 20:45:00+00:00,2025-10-26 21:00:00+00:00,2025-10-26 22:00:00+00:00,LONG,197.38,198.63464840429856,198.63464840429856,196.12535159570143,0.0063565123330558,0.0059540099823831,0.0002,0.0002,TP,5,0.0261931300030399,-0.003242476441382,179.0,0.0013365435483345,1.2824485463476285,-0.0008223450026229,-0.0010282214220876,0.0002058764194646,5,NA,1.0,>1.00%,-0.50/-0.25%,,True,True
SOLUSDT,15m,5,27,pullback rsi=40,all,maker_both,2.0,2.0,24,2025-11-04 14:45:00+00:00,2025-11-04 15:00:00+00:00,2025-11-04 15:45:00+00:00,SHORT,164.34,161.4242956799114,161.4242956799114,167.2557043200886,0.0177419028848034,0.0173348468333256,0.0002,0.0002,TP,4,0.0191067299501035,-0.0054764512595838,179.0,0.0013365435483345,1.2824485463476285,-0.0008223450026229,-0.0010282214220876,0.0002058764194646,4,NA,1.0,>1.00%,-0.75/-0.50%,,True,True
SOLUSDT,15m,5,27,pullback rsi=40,all,maker_both,2.0,2.0,24,2025-11-05 05:00:00+00:00,2025-11-05 05:15:00+00:00,2025-11-05 08:15:00+00:00,SHORT,158.18,154.5380674107043,154.5380674107043,161.82193258929573,0.0230239764148167,0.0226148077452099,0.0002,0.0002,TP,13,0.0288911366797319,-0.0008850676444555,179.0,0.0013365435483345,1.2824485463476285,-0.0008223450026229,-0.0010282214220876,0.0002058764194646,13,NA,1.0,>1.00%,-0.10/0%,,True,True
SOLUSDT,15m,6,14,donchian n=20 vol=1.5,range,maker_both,3.0,1.5,36,2025-11-11 14:00:00+00:00,2025-11-11 14:15:00+00:00,2025-11-11 17:30:00+00:00,SHORT,162.24,159.3874328577457,159.3874328577457,163.66628357112717,0.0175823911628101,0.0171753989096405,0.0002,0.0002,TP,14,0.0259492110453649,-0.0057938856015778,54.0,0.0021196899858804,1.4886589203645588,-0.0017901693988403,-0.0022664695726612,0.0004763001738209,14,NA,1.0,>1.00%,-0.75/-0.50%,,True,True
SOLUSDT,15m,6,14,donchian n=20 vol=1.5,range,maker_both,3.0,1.5,36,2025-11-30 23:15:00+00:00,2025-11-30 23:30:00+00:00,2025-11-30 23:45:00+00:00,SHORT,135.7,133.78688091580256,133.78688091580256,136.6565595420987,0.0140981509520813,0.0136925522556263,0.0002,0.0002,TP,2,0.0187177597641856,-0.0002210759027266,54.0,0.0021196899858804,1.4886589203645588,-0.0017901693988403,-0.0022664695726612,0.0004763001738209,2,NA,1.0,>1.00%,-0.10/0%,,True,True
SOLUSDT,15m,6,14,donchian n=20 vol=1.5,range,maker_both,3.0,1.5,36,2025-12-08 06:45:00+00:00,2025-12-08 07:00:00+00:00,2025-12-08 09:00:00+00:00,LONG,135.68,137.5709676825821,137.5709676825821,134.73451615870897,0.0139369670001628,0.0135314327708413,0.0002,0.0002,TP,9,0.0234375,-0.006191037735849,54.0,0.0021196899858804,1.4886589203645588,-0.0017901693988403,-0.0022664695726612,0.0004763001738209,9,NA,1.0,>1.00%,-0.75/-0.50%,,True,True
SOLUSDT,15m,6,14,donchian n=20 vol=1.5,range,maker_both,3.0,1.5,36,2025-12-15 14:45:00+00:00,2025-12-15 15:00:00+00:00,2025-12-15 15:15:00+00:00,SHORT,130.42,127.3104141869388,127.3104141869388,131.97479290653058,0.0238428600909461,0.0234333639006243,0.0002,0.0002,TP,2,0.0291366354853548,-0.0009201042784849,54.0,0.0021196899858804,1.4886589203645588,-0.0017901693988403,-0.0022664695726612,0.0004763001738209,2,NA,1.0,>1.00%,-0.10/0%,,True,True
SOLUSDT,15m,7,14,donchian n=20 vol=1.5,range,maker_both,3.0,1.5,36,2025-12-28 23:30:00+00:00,2025-12-28 23:45:00+00:00,2025-12-29 00:15:00+00:00,LONG,124.67,125.73208135510131,125.73208135510131,124.13895932244934,0.0085191413740379,0.008115774058254,0.0002,0.0002,TP,3,0.0170851046763455,-0.0001604235180877,51.0,0.0010568986478308,1.2229815443130556,0.0008250650580426,0.001029699024687,-0.0002046339666443,3,NA,1.0,>1.00%,-0.10/0%,,True,True
SOLUSDT,15m,8,14,donchian n=20 vol=1.5,range,maker_both,3.0,1.5,36,2026-02-16 13:45:00+00:00,2026-02-16 14:00:00+00:00,2026-02-16 18:15:00+00:00,SHORT,84.1,85.08610640728622,82.17882353836605,85.06058823081698,-0.0117254031781953,-0.0124170965685108,0.0002,0.0005,SL,18,0.0189060642092745,-0.0120095124851368,59.0,0.0017430716886885,1.447926915086197,-0.003538577227914,-0.0009212772785055,-0.0026172999494084,18,NA,0.0,>1.00%,<-1.00%,,True,True
SOLUSDT,15m,8,14,donchian n=20 vol=1.5,range,maker_both,3.0,1.5,36,2026-02-17 10:15:00+00:00,2026-02-17 10:30:00+00:00,2026-02-17 14:30:00+00:00,SHORT,85.06,83.86487713160312,83.86487713160312,85.65756143419844,0.0140503511450373,0.0136447715665934,0.0002,0.0002,TP,17,0.0177521749353398,-0.005525511403715,59.0,0.0017430716886885,1.447926915086197,-0.003538577227914,-0.0009212772785055,-0.0026172999494084,17,NA,1.0,>1.00%,-0.75/-0.50%,,True,True
SOLUSDT,15m,8,14,donchian n=20 vol=1.5,range,maker_both,3.0,1.5,36,2026-02-20 13:00:00+00:00,2026-02-20 13:15:00+00:00,2026-02-20 13:30:00+00:00,SHORT,83.17,81.82334778386867,81.82334778386867,83.84332610806567,0.0161915620552041,0.0157851260780446,0.0002,0.0002,TP,2,0.0169532283275219,-0.0008416496332811,59.0,0.0017430716886885,1.447926915086197,-0.003538577227914,-0.0009212772785055,-0.0026172999494084,2,NA,1.0,>1.00%,-0.10/0%,,True,True
SOLUSDT,15m,8,14,donchian n=20 vol=1.5,range,maker_both,3.0,1.5,36,2026-03-02 14:30:00+00:00,2026-03-02 14:45:00+00:00,2026-03-02 15:00:00+00:00,LONG,84.74,86.56356413264335,86.56356413264335,83.82821793367832,0.0215195200925578,0.0211109531453017,0.0002,0.0002,TP,2,0.0374085437809771,-0.0048383290063723,59.0,0.0017430716886885,1.447926915086197,-0.003538577227914,-0.0009212772785055,-0.0026172999494084,2,NA,1.0,>1.00%,-0.50/-0.25%,,True,True
SOLUSDT,15m,8,14,donchian n=20 vol=1.5,range,maker_both,3.0,1.5,36,2026-03-11 13:00:00+00:00,2026-03-11 13:15:00+00:00,2026-03-11 15:30:00+00:00,LONG,85.97,85.20311177807386,87.45263923562297,85.22868038218851,-0.0089204166793781,-0.0096140732797441,0.0002,0.0005,SL,10,0.0160521112015818,-0.0172153076654647,59.0,0.0017430716886885,1.447926915086197,-0.003538577227914,-0.0009212772785055,-0.0026172999494084,10,NA,0.0,>1.00%,<-1.00%,,True,True
SOLUSDT,15m,8,14,donchian n=20 vol=1.5,range,maker_both,3.0,1.5,36,2026-03-13 00:00:00+00:00,2026-03-13 00:15:00+00:00,2026-03-13 00:15:00+00:00,LONG,87.6,88.90488922213811,88.90488922213811,86.94755538893094,0.0148959956865081,0.0144900778840735,0.0002,0.0002,TP,1,0.0325342465753425,-0.000228310502283,59.0,0.0017430716886885,1.447926915086197,-0.003538577227914,-0.0009212772785055,-0.0026172999494084,1,NA,1.0,>1.00%,-0.10/0%,,True,True
SOLUSDT,15m,8,14,donchian n=20 vol=1.5,range,maker_both,3.0,1.5,36,2026-03-15 20:30:00+00:00,2026-03-15 20:45:00+00:00,2026-03-15 21:30:00+00:00,LONG,88.78,89.82866127470449,89.82866127470449,88.25566936264777,0.0118119089288633,0.0114072246377681,0.0002,0.0002,TP,4,0.0150934895246677,-0.0031538634827664,59.0,0.0017430716886885,1.447926915086197,-0.003538577227914,-0.0009212772785055,-0.0026172999494084,4,NA,1.0,>1.00%,-0.50/-0.25%,,True,True
SOLUSDT,15m,8,14,donchian n=20 vol=1.5,range,maker_both,3.0,1.5,36,2026-03-21 23:45:00+00:00,2026-03-22 00:00:00+00:00,2026-03-22 00:00:00+00:00,SHORT,87.5,86.37670164955561,86.37670164955561,88.0616491752222,0.0128376954336501,0.0124326008689845,0.0002,0.0002,TP,1,0.0150857142857142,-0.0002285714285713,59.0,0.0017430716886885,1.447926915086197,-0.003538577227914,-0.0009212772785055,-0.0026172999494084,1,NA,1.0,>1.00%,-0.10/0%,,True,True
SOLUSDT,15m,9,24,pullback rsi=35,all,maker_both,3.0,1.5,36,2026-04-17 02:15:00+00:00,2026-04-17 02:30:00+00:00,2026-04-17 08:45:00+00:00,LONG,87.64,88.92303961582395,88.92303961582395,86.99848019208802,0.014639886077407,0.0142340707085715,0.0002,0.0002,TP,26,0.0160885440438155,-0.0038795070743952,53.0,0.0009215227819728,1.1806912344316112,-0.0005908867831004,-0.0014011142663789,0.0008102274832784,26,NA,1.0,>1.00%,-0.50/-0.25%,,True,True
SOLUSDT,15m,10,32,breakout n=20,range,maker_both,1.5,1.0,12,2026-06-14 20:30:00+00:00,2026-06-14 20:45:00+00:00,2026-06-14 21:15:00+00:00,LONG,67.87,68.20973980528942,68.20973980528942,67.64350679647373,0.0050057434107766,0.0046037813136421,0.0002,0.0002,TP,3,0.0235744806247236,-0.0019154265507589,85.0,0.00056155307409,1.213141827709445,-0.0006644484247674,-0.0002182587642076,-0.0004461896605598,3,NA,1.0,>1.00%,-0.25/-0.10%,,True,True
