signal,side,n,mean_net,median_net,win,mean_mfe,mean_mae,mean_mfe_tp,mean_mae_sl,mean_duration
breakout n=20,LONG,221,-0.0010705291432879685,-0.0029065032693292,0.4117647058823529,0.005473667638697986,-0.005080061247896017,0.7972746437695196,0.917821988824375,8.502262443438914
breakout n=20,SHORT,225,-0.0006707513627978455,-0.0028242696469505,0.4488888888888889,0.0064802324012722635,-0.0056767836212563635,0.8458859203096663,0.9473567612320337,8.542222222222222
donchian n=20 vol=0.0,LONG,192,-0.0012778775975368104,-0.0033545340285837,0.4166666666666667,0.0052321937067733035,-0.005189801397443542,0.7093416405977139,0.9094254935867068,9.890625
donchian n=20 vol=0.0,SHORT,201,-0.00034584059506023376,-0.0031533097508885,0.42786069651741293,0.005976117570463056,-0.004898697522449041,0.7601380430479029,0.8914796278922713,9.373134328358208
donchian n=20 vol=1.5,LONG,73,-0.0013369185088306097,-0.0038740115840882,0.3561643835616438,0.0063274695843349524,-0.005588445239281713,0.7189822435048057,1.0781179357417376,7.424657534246576
donchian n=20 vol=1.5,SHORT,60,-0.001312043188367214,-0.004162812193424,0.3,0.006147954833423277,-0.005772651020442925,0.6075192337605291,1.0788433446480767,8.183333333333334
donchian n=50 vol=1.5,LONG,176,-0.000769664226402866,-0.0028721024076981,0.39204545454545453,0.005031991057241742,-0.004277553165019768,0.7135883374274418,0.9375062509572988,7.642045454545454
donchian n=50 vol=1.5,SHORT,147,-0.0006091704550572911,-0.0032713720299082,0.3945578231292517,0.006054820149761848,-0.004812164419555976,0.7678294576179036,0.90321360502556,8.258503401360544
pullback rsi=35,LONG,201,-0.001111122827937277,-0.0024616508188892,0.3880597014925373,0.003463022233523909,-0.0037277455145670766,0.6900828615717112,1.0401463946501806,8.92039800995025
pullback rsi=35,SHORT,140,-0.0007269867133856249,-0.0019446275549668,0.44285714285714284,0.0037656558729082666,-0.004011788714561981,0.733880546232671,1.016477978332155,9.25
pullback rsi=40,LONG,231,-0.0010406547929694148,-0.0024540072770732,0.37662337662337664,0.003638859105544829,-0.003943827217534984,0.6893951585251239,1.0904673774067823,9.385281385281385
pullback rsi=40,SHORT,185,-0.00046233677348655864,-0.0023914315437224,0.43243243243243246,0.0043699651127913795,-0.003956905684679118,0.7201834817286521,0.9845363998401877,10.81081081081081
vwap n=48 k=3.0,LONG,73,-0.0019114345926719712,-0.0046840691917043,0.3972602739726027,0.004983464853281354,-0.006070659275197934,0.6292617263543331,0.8986139523689571,9.876712328767123
vwap n=48 k=3.0,SHORT,71,-0.002403355762936989,-0.0045668038668778,0.352112676056338,0.004651737053458345,-0.005745122228014942,0.7069185742770804,0.9905349104069971,10.28169014084507
