regime,path_class,n,net,win,mfe,mae,tp,sl,time,tp50,sl50
all,AMBIGUOUS_PATH,6,-0.00021363477036088333,0.5,0.00398267332646885,-0.0036565429132901,2,3,1,0,0
all,EARLY_ADVERSE,211,-0.0032015862094312295,0.1943127962085308,0.002990318890708081,-0.006027863242987261,31,165,15,0,211
all,EARLY_FAVORABLE,28,-0.0036756501017172704,0.21428571428571427,0.004318827315392243,-0.0060832772304426855,3,20,5,28,0
all,FAVORABLE_PATH,101,0.004121039026698243,0.801980198019802,0.008242210701898239,-0.00247819087668664,77,17,7,101,0
range,AMBIGUOUS_PATH,35,-0.00096957382243828,0.42857142857142855,0.006492701190635377,-0.004237195967267206,15,20,0,0,0
range,EARLY_ADVERSE,601,-0.0037504773825210455,0.16971713810316139,0.003436173248492325,-0.006006964305474018,86,487,28,0,601
range,EARLY_FAVORABLE,71,-0.0030815424660832,0.23943661971830985,0.005320015057843051,-0.005373580823610306,10,48,13,71,0
range,FAVORABLE_PATH,260,0.005692685670928382,0.8615384615384616,0.009973546418561244,-0.0018387364923144222,216,29,15,260,0
trend,AMBIGUOUS_PATH,14,-8.76470797268211e-05,0.5,0.00921929650537262,-0.008370281969038829,7,6,1,0,0
trend,EARLY_ADVERSE,480,-0.0034013434059868342,0.21666666666666667,0.0029044460707532715,-0.005796437013826064,78,339,63,0,480
trend,EARLY_FAVORABLE,85,-0.003215713347966085,0.3058823529411765,0.005066407789618342,-0.006452795748031562,14,52,19,85,0
trend,FAVORABLE_PATH,303,0.004081795800030974,0.8712871287128713,0.007313226774987501,-0.002029528656077287,252,27,24,303,0
trend,NO_TOUCH,1,-0.0043130393589133,0.0,0.0051025614858659,-0.0052046127155831,0,0,1,0,0
