signal,path_class,trades,mean_net,median_net,win_rate,mean_mfe,mean_mae,mean_duration,tp,sl,time,tp50_first,sl50_first
breakout n=20,AMBIGUOUS_PATH,17,0.0020534596911880648,0.0031512988658164,0.5882352941176471,0.00859254398975247,-0.003992786747327159,2.823529411764706,10,7,0,0,0
breakout n=20,EARLY_ADVERSE,251,-0.0037185356160026207,-0.0049175067049195,0.22709163346613545,0.0039053395939120505,-0.006822950499585727,8.892430278884461,50,182,19,0,251
breakout n=20,EARLY_FAVORABLE,39,-0.003988040065908757,-0.0039119538605535,0.23076923076923078,0.006041714295711226,-0.006741696909533572,12.64102564102564,6,23,10,39,0
breakout n=20,FAVORABLE_PATH,138,0.004860755286229416,0.0050239932177218,0.8405797101449275,0.009425289373349232,-0.002546384842606738,7.27536231884058,113,17,8,138,0
breakout n=20,NO_TOUCH,1,-0.0043130393589133,-0.0043130393589133,0.0,0.0051025614858659,-0.0052046127155831,24.0,0,0,1,0,0
donchian n=20 vol=0.0,AMBIGUOUS_PATH,5,-0.0006305494999285597,0.0033507711873268,0.6,0.00824476772883836,-0.009580322925465559,5.0,3,2,0,0,0
donchian n=20 vol=0.0,EARLY_ADVERSE,231,-0.003713609589217946,-0.0046221925831482,0.19913419913419914,0.0034266154992976406,-0.006161338102369964,9.437229437229437,35,173,23,0,231
donchian n=20 vol=0.0,EARLY_FAVORABLE,35,-0.003571128152382875,-0.0047577252924115,0.2571428571428571,0.005868417281882592,-0.007287387004971594,14.371428571428572,7,25,3,35,0
donchian n=20 vol=0.0,FAVORABLE_PATH,122,0.005500980242690281,0.0047484067861903005,0.8852459016393442,0.009570608192751729,-0.0020889410563329678,8.811475409836065,100,12,10,122,0
donchian n=20 vol=1.5,AMBIGUOUS_PATH,3,-0.004473703862185167,-0.0074669700752731,0.3333333333333333,0.010000531346119666,-0.006488027921127601,1.0,1,2,0,0,0
donchian n=20 vol=1.5,EARLY_ADVERSE,91,-0.0038220902684279754,-0.0047869284356633,0.16483516483516483,0.003725187576576017,-0.006682270231170226,7.945054945054945,13,75,3,0,91
donchian n=20 vol=1.5,EARLY_FAVORABLE,7,-0.0055597225865589,-0.0075987549698712,0.14285714285714285,0.007928413988215657,-0.009291516478844,13.714285714285714,1,6,0,7,0
donchian n=20 vol=1.5,FAVORABLE_PATH,32,0.0069947419272733185,0.00617288259466855,0.84375,0.012696562757423813,-0.0019288835481987246,6.59375,27,4,1,32,0
donchian n=50 vol=1.5,AMBIGUOUS_PATH,17,-0.00315086000990977,-0.0033508740720383,0.29411764705882354,0.0056550220605589,-0.005974807493263489,4.352941176470588,5,12,0,0,0
donchian n=50 vol=1.5,EARLY_ADVERSE,188,-0.004023260347314369,-0.00462622989187445,0.13297872340425532,0.0030530388023579163,-0.005869229283984067,8.143617021276595,22,156,10,0,188
donchian n=50 vol=1.5,EARLY_FAVORABLE,15,-0.0015550631598112265,-0.0037048548451938,0.3333333333333333,0.006504000622924653,-0.00489512242974226,14.933333333333334,3,10,2,15,0
donchian n=50 vol=1.5,FAVORABLE_PATH,103,0.005905384001169026,0.0061301315426811,0.8932038834951457,0.009786624357989115,-0.0017652801698795114,7.087378640776699,89,8,6,103,0
pullback rsi=35,AMBIGUOUS_PATH,6,-0.0015942158594295,-0.00182357819995285,0.3333333333333333,0.0029835811988789,-0.004101528183050633,6.166666666666667,1,4,1,0,0
pullback rsi=35,EARLY_ADVERSE,187,-0.0031059943540491888,-0.0032714538744762,0.1711229946524064,0.0020678896415278376,-0.004865701358999158,7.834224598930481,23,148,16,0,187
pullback rsi=35,EARLY_FAVORABLE,29,-0.0026539097503671064,-0.0030788126896095,0.20689655172413793,0.003291053325128897,-0.00500573989348289,13.517241379310345,4,21,4,29,0
pullback rsi=35,FAVORABLE_PATH,119,0.0028759310406305983,0.0030395409606673,0.8403361344537815,0.006077494912249967,-0.0019434074649118452,10.033613445378151,96,13,10,119,0
pullback rsi=40,AMBIGUOUS_PATH,4,0.00540564606268975,0.0049772145252129,1.0,0.0071761438175821,-0.0020724954320045503,3.75,4,0,0,0,0
pullback rsi=40,EARLY_ADVERSE,262,-0.0025977404974303194,-0.0031189438857929,0.21755725190839695,0.002732484513209716,-0.004860464470318413,9.087786259541986,43,195,24,0,262
pullback rsi=40,EARLY_FAVORABLE,38,-0.0026738979938184713,-0.00302851979390115,0.3157894736842105,0.003940847374112237,-0.004553049441495347,15.026315789473685,5,24,9,38,0
pullback rsi=40,FAVORABLE_PATH,112,0.003880982049733379,0.0033538086879164996,0.8392857142857143,0.006737966797318944,-0.00168128649274958,10.723214285714286,88,15,9,112,0
vwap n=48 k=3.0,AMBIGUOUS_PATH,3,-0.0044238587044651,-0.0054407462371529,0.0,0.0067235382349407,-0.005903704197854267,11.333333333333334,0,2,1,0,0
vwap n=48 k=3.0,EARLY_ADVERSE,82,-0.004944000768010068,-0.0059016200186458,0.18292682926829268,0.0036935784645954445,-0.007727990727700811,8.865853658536585,9,62,11,0,82
vwap n=48 k=3.0,EARLY_FAVORABLE,21,-0.0035097520278303427,-0.0051308403249554,0.3333333333333333,0.004286656178589886,-0.005986148922844081,17.142857142857142,1,11,9,21,0
vwap n=48 k=3.0,FAVORABLE_PATH,38,0.004795038085291526,0.00507302401350545,0.8421052631578947,0.0073948009613959255,-0.0019459559377303967,8.68421052631579,32,4,2,38,0
