exit_reason,path_class,n,net,win,mfe,mae,tp,sl,time,tp50,sl50
SL,AMBIGUOUS_PATH,29,-0.005582550414946001,0.0,0.0055438153332978005,-0.0074226196504587035,0,29,0,0,0
SL,EARLY_ADVERSE,991,-0.005724387219957184,0.0,0.001793687417689268,-0.006487864971848814,0,991,0,0,991
SL,EARLY_FAVORABLE,120,-0.006155003304173364,0.0,0.004246406661906363,-0.007125014792128184,0,120,0,120,0
SL,FAVORABLE_PATH,73,-0.005581932554469198,0.0,0.005569447176661625,-0.00620812489584922,0,73,0,73,0
TIME,AMBIGUOUS_PATH,2,-9.515038549779992e-05,0.5,0.0031223009415341004,-0.0022681604190033997,0,0,2,0,0
TIME,EARLY_ADVERSE,106,-0.0006316930676683885,0.49056603773584906,0.005656025741794563,-0.005567801117787537,0,0,106,0,106
TIME,EARLY_FAVORABLE,37,-0.0004924790581392244,0.5945945945945946,0.005220738426077384,-0.003945248278947449,0,0,37,37,0
TIME,FAVORABLE_PATH,46,-0.00014915351209498094,0.5217391304347826,0.006465470363891052,-0.0029658475088623916,0,0,46,46,0
TIME,NO_TOUCH,1,-0.0043130393589133,0.0,0.0051025614858659,-0.0052046127155831,0,0,1,0,0
TP,AMBIGUOUS_PATH,24,0.005235012970031209,1.0,0.00888314525656515,-0.0028180322166386335,24,0,0,0,0
TP,EARLY_ADVERSE,195,0.006039029580469741,1.0,0.00878537724453628,-0.0033061197585079628,195,0,0,0,195
TP,EARLY_FAVORABLE,27,0.005991806264253593,1.0,0.008390991661547095,-0.003680284375369333,27,0,0,27,0
TP,FAVORABLE_PATH,545,0.006509081617577813,1.0,0.009059654645694627,-0.0013829244890529455,545,0,0,545,0
