id,trades_HOLDOUT,trades_TEST,trades_TRAIN,total_HOLDOUT,total_TEST,total_TRAIN,mean_HOLDOUT,mean_TEST,mean_TRAIN,win_HOLDOUT,win_TEST,win_TRAIN,pf_HOLDOUT,pf_TEST,pf_TRAIN,dd_HOLDOUT,dd_TEST,dd_TRAIN,fast,slow,slope,h,universe,regime,score
43,170.0,349.0,754.0,-0.1856681552347202,1.647178124578734,8.246454009240125,-0.0010921656190277659,0.004719708093348808,0.010936941656817143,0.4470588235294118,0.498567335243553,0.5185676392572944,0.9323550564270333,1.299609539228777,1.5630267515968275,-0.5550259052930209,-0.5502235496022729,-1.0104840594624966,e50,e200,0.0005,48,ALL,BULL,23.238994134340363
67,169.0,347.0,749.0,-0.16947823196810613,1.5867203518390922,8.360925064875028,-0.001002829774959208,0.004572681129219286,0.011162783798231012,0.44970414201183434,0.49855907780979825,0.520694259012016,0.9378871983731014,1.2894641751421483,1.5792889714743326,-0.5388359820264068,-0.5340519291587251,-0.9063540389954787,e50,e200,0.001,48,ALL,BULL,23.176899203286066
19,170.0,349.0,760.0,-0.14191588729793886,1.647178124578734,8.098257000501922,-0.0008347993370466991,0.004719708093348808,0.010655601316449898,0.4470588235294118,0.498567335243553,0.5131578947368421,0.9474578888169667,1.299609539228777,1.5470047120791004,-0.5112736373562394,-0.5502235496022729,-1.1040513169468502,e50,e200,0.0,48,ALL,BULL,22.941631754455393
115,170.0,342.0,742.0,-0.25055143641780353,1.23012682514748,8.052110397714596,-0.001473831978928256,0.0035968620618347367,0.010851900805545277,0.4411764705882353,0.49122807017543857,0.5161725067385444,0.9104382922359343,1.2245189356694304,1.5563943497021142,-0.6077246586684307,-0.7689836007326758,-1.0191193479864236,e50,e100,0.0005,48,ALL,BULL,20.826538214586293
139,169.0,340.0,737.0,-0.23436151315118944,1.169669052407838,8.165731649297989,-0.0013867545156875116,0.00344020309531717,0.011079690161869727,0.4437869822485207,0.49117647058823527,0.5183175033921302,0.9157378720255254,1.2141163549198801,1.5726627468265273,-0.5915347354018164,-0.7548769123811542,-0.9149893275194056,e50,e100,0.001,48,ALL,BULL,20.746875454250475
91,170.0,342.0,748.0,-0.2067991684810222,1.23012682514748,7.90391338897639,-0.0012164656969471893,0.0035968620618347367,0.01056672912964758,0.4411764705882353,0.49122807017543857,0.5106951871657754,0.9249034250953234,1.2245189356694304,1.5402526553818168,-0.5639723907316491,-0.7689836007326758,-1.1126866054707771,e50,e100,0.0,48,ALL,BULL,20.5252248443683
45,113.0,236.0,543.0,-0.2993421779163167,0.9873051630223204,3.0271097630847335,-0.002649045822268289,0.004183496453484408,0.005574787777319951,0.4336283185840708,0.5084745762711864,0.5267034990791897,0.8323366154245885,1.3035807940186581,1.3330048932862224,-0.5550259052930209,-0.5502235496022729,-0.6743110852863072,e50,e200,0.0005,48,BTCETH,BULL,16.57836637159365
21,113.0,236.0,549.0,-0.25558990997953535,0.9873051630223204,2.8961284560582383,-0.002261857610438366,0.004183496453484408,0.005275279519231763,0.4336283185840708,0.5084745762711864,0.5209471766848816,0.8532461922537906,1.3035807940186581,1.312806274350612,-0.5112736373562394,-0.5502235496022729,-0.6743110852863072,e50,e200,0.0,48,BTCETH,BULL,16.25865949456985
69,112.0,234.0,539.0,-0.28315225464970256,0.9268473902826783,3.062025276332375,-0.0025281451308009155,0.003960886283259309,0.005680937432898655,0.4375,0.5085470085470085,0.5269016697588126,0.8399533756621484,1.2864151855795327,1.342372144598716,-0.5388359820264068,-0.5340519291587251,-0.6781382631108586,e50,e200,0.001,48,BTCETH,BULL,16.23149732959552
117,113.0,231.0,533.0,-0.3428548090215042,0.7608999140834688,2.6823341513071775,-0.0030341133541726037,0.0032939390220063586,0.005032521859863372,0.4336283185840708,0.5021645021645021,0.5215759849906192,0.8125337930575338,1.2403464599256155,1.2963843138070992,-0.5985385363982082,-0.5910050799404932,-0.6743110852863072,e50,e100,0.0005,48,BTCETH,BULL,14.157130677608805
93,113.0,231.0,539.0,-0.2991025410847229,0.7608999140834688,2.5513528442806823,-0.0026469251423426807,0.0032939390220063586,0.004733493217589392,0.4336283185840708,0.5021645021645021,0.5157699443413729,0.8324483483525464,1.2403464599256155,1.2767662207480999,-0.5547862684614269,-0.5910050799404932,-0.6743110852863072,e50,e100,0.0,48,BTCETH,BULL,13.838483942275825
141,112.0,229.0,529.0,-0.32666488575489,0.7004421413438268,2.7163998605033104,-0.0029166507656686607,0.0030586993071782826,0.00513497138091363,0.4375,0.5021834061135371,0.5217391304347826,0.8197908512326989,1.2223855625252407,1.3050656850310667,-0.5823486131315941,-0.5768983915889716,-0.6781382631108586,e50,e100,0.001,48,BTCETH,BULL,13.779821242826504
71,55.0,110.0,271.0,-0.2914879110256584,0.19170357083070555,1.570172510475058,-0.005299780200466516,0.001742759734824596,0.0057939945035979995,0.41818181818181815,0.5,0.5129151291512916,0.7110290208879079,1.0914702916067642,1.311204168884205,-0.49083917593542964,-0.5340519291587241,-0.6781382631108583,e50,e200,0.001,48,ETH,BULL,11.68218843373816
65,80.0,150.0,391.0,-0.1314946586249791,0.3844642885841788,1.5312739453887423,-0.0016436832328122388,0.002563095257227859,0.003916301650610594,0.4625,0.5333333333333333,0.5242966751918159,0.858221064252606,1.225703114130348,1.2914801785280825,-0.25230705525588576,-0.3415243047132275,-0.6836261257420946,e50,e200,0.001,24,ETH,BULL,11.55967545772474
61,229.0,484.0,1068.0,-0.2538451078107961,0.7450041001647226,6.311991700661563,-0.0011084939205711622,0.0015392646697618235,0.005910104588634423,0.4497816593886463,0.5,0.5187265917602997,0.8988007964843606,1.1349191058054966,1.4117688023623924,-0.46470619178726447,-0.4348951046212488,-0.8378772033346431,e50,e200,0.001,24,ALL,BULL,11.535321836325958
41,81.0,153.0,397.0,-0.1393800287750276,0.372814407240453,1.6212124606907676,-0.001720741095987995,0.0024366954721598234,0.0040836585911606235,0.4567901234567901,0.5294117647058824,0.5264483627204031,0.8509859057154634,1.2173865492952234,1.307941051028959,-0.2526002985932328,-0.3415243047132275,-0.6723750390465357,e50,e200,0.0005,24,ETH,BULL,11.482377135804452
37,234.0,493.0,1078.0,-0.28640049376636567,0.6936500427565877,6.52103492258313,-0.0012239337340442978,0.0014069980583297924,0.006049197516310881,0.44871794871794873,0.5010141987829615,0.5231910946196661,0.8873280577493589,1.1238310857280245,1.4254038162749296,-0.49390097322467325,-0.4565413228925608,-0.8375883376396298,e50,e200,0.0005,24,ALL,BULL,11.41242853497342
13,236.0,496.0,1088.0,-0.31882476093251294,0.7252667778517152,6.406149444818448,-0.001350952376832682,0.0014622314069591034,0.00588800500442872,0.4449152542372881,0.5,0.5229779411764706,0.8761519235910045,1.129200106164478,1.4117587729772187,-0.5263252403908207,-0.45654132289256055,-0.8576241676066187,e50,e200,0.0,24,ALL,BULL,11.353426697488626
17,82.0,153.0,399.0,-0.14148321904678704,0.372814407240453,1.4532675298113946,-0.0017254051103266711,0.0024366954721598234,0.0036422745108055004,0.45121951219512196,0.5294117647058824,0.5238095238095238,0.8490767019324678,1.2173865492952234,1.2674136801825509,-0.2526002985932328,-0.3415243047132275,-0.6771964475492387,e50,e200,0.0,24,ETH,BULL,11.000465684602924
47,55.0,111.0,272.0,-0.2914879110256584,0.1775968824791843,1.4660424900080402,-0.005299780200466516,0.0015999719142268855,0.0053898620956177945,0.41818181818181815,0.4954954954954955,0.5073529411764706,0.7110290208879079,1.0840905047511893,1.2847461522944603,-0.49083917593542964,-0.5502235496022718,-0.6743110852863068,e50,e200,0.0005,48,ETH,BULL,10.958642581117216
133,227.0,476.0,1055.0,-0.2808185751847186,0.6429545654055484,5.992707939867522,-0.0012370862342939144,0.0013507448853057739,0.005680291886130353,0.44933920704845814,0.49789915966386555,0.5175355450236967,0.8878928807088199,1.1178723354944073,1.3918600945121231,-0.47327722037621656,-0.4782894658496262,-0.8021388088052466,e50,e100,0.001,24,ALL,BULL,10.891514086748431
109,232.0,485.0,1065.0,-0.31337396114028815,0.5916005079974135,6.1858032019344265,-0.001350749832501242,0.0012197948618503371,0.0058082659173093205,0.4482758620689655,0.49896907216494846,0.5211267605633803,0.8765485816513202,1.1068952689429439,1.4042314309728938,-0.5024720018136254,-0.5162742228007255,-0.8018499431102333,e50,e100,0.0005,24,ALL,BULL,10.758982340925833
85,234.0,487.0,1075.0,-0.34579822830643536,0.6257343936981508,6.070917724169744,-0.001477770206437758,0.0012848755517415828,0.005647365324809065,0.4444444444444444,0.4989733059548255,0.5209302325581395,0.865493369252283,1.1128708338406736,1.3908753044050346,-0.5348962689797729,-0.5162742228007255,-0.8218857730772222,e50,e100,0.0,24,ALL,BULL,10.720862566537939
23,55.0,111.0,274.0,-0.247735643088877,0.1775968824791843,1.3771026878281658,-0.004504284419797763,0.0015999719142268855,0.0050259222183509705,0.41818181818181815,0.4954954954954955,0.5036496350364964,0.7432678763236874,1.0840905047511893,1.262485196365238,-0.44708690799864825,-0.5502235496022718,-0.6743110852863068,e50,e200,0.0,48,ETH,BULL,10.57244174792117
63,152.0,325.0,771.0,-0.21173630248519743,0.7172538991172609,2.498280785854848,-0.0013930019900341936,0.0022069350742069567,0.003240312303313681,0.4473684210526316,0.5107692307692308,0.5239948119325551,0.8669664749413238,1.244538981560487,1.273851013752443,-0.3466259850964029,-0.3415243047132269,-0.6836261257420939,e50,e200,0.001,24,BTCETH,BULL,10.172572447040524
39,157.0,332.0,779.0,-0.2517816683877458,0.6875460599804377,2.684475830801951,-0.0016037048941894636,0.002070921867410957,0.0034460536980769592,0.4394904458598726,0.5120481927710844,0.5288831835686778,0.8457568139553875,1.2307917181868875,1.2942115603677242,-0.37907922418625,-0.3415243047132269,-0.6723750390465346,e50,e200,0.0005,24,BTCETH,BULL,10.112900711453486
15,159.0,335.0,788.0,-0.28420593555389306,0.7191627950755652,2.528448843583435,-0.001787458714175428,0.0021467546121658665,0.0032086914258673033,0.4339622641509434,0.5104477611940299,0.5266497461928934,0.8292844633073284,1.240441550865031,1.2692241304299667,-0.409400301080638,-0.3415243047132269,-0.6771964475492309,e50,e200,0.0,24,BTCETH,BULL,10.011866331494033
137,79.0,147.0,383.0,-0.1400656872139312,0.28212846129892355,1.3075286962195656,-0.0017729833824548253,0.0019192412333260106,0.003413913044959701,0.45569620253164556,0.5306122448979592,0.5248041775456919,0.8489796903115715,1.1675321256303939,1.2508142682610899,-0.2608780838448378,-0.4001723502962736,-0.6836261257420948,e50,e100,0.001,24,ETH,BULL,9.670741905503206
113,80.0,150.0,389.0,-0.14795105736397962,0.27047857995519775,1.3974672115215914,-0.0018493882170497454,0.0018031905330346517,0.0035924606979989494,0.45,0.5266666666666666,0.5269922879177378,0.8418224403790407,1.1595176615880614,1.2674896525980366,-0.26117132718218483,-0.43815710724737295,-0.6723750390465355,e50,e100,0.0005,24,ETH,BULL,9.625849078254351
135,151.0,321.0,760.0,-0.22030733107414951,0.6264998103119614,2.1907212319766316,-0.001458988947510924,0.0019517128047101602,0.0028825279368113574,0.44370860927152317,0.5077881619937694,0.5223684210526316,0.8615813136195108,1.215831175844597,1.2411186125620897,-0.355197013685355,-0.40017235029627196,-0.6836261257420939,e50,e100,0.001,24,BTCETH,BULL,9.242903334638365
111,156.0,328.0,768.0,-0.26035269697669783,0.5967919711751384,2.3609683170690743,-0.001668927544722422,0.0018194877169973732,0.0030741774961836905,0.4358974358974359,0.5091463414634146,0.5260416666666666,0.8405061427460621,1.2023901348657877,1.2595394187871953,-0.3876502527752021,-0.4381571072473712,-0.6723750390465346,e50,e100,0.0005,24,BTCETH,BULL,9.175082483831419
89,81.0,150.0,391.0,-0.15005424763573907,0.27047857995519775,1.229522280642218,-0.001852521575749865,0.0018031905330346517,0.0031445582625120663,0.4444444444444444,0.5266666666666666,0.5242966751918159,0.8399337950125454,1.1595176615880614,1.227933131168172,-0.26117132718218483,-0.43815710724737295,-0.6723750390465355,e50,e100,0.0,24,ETH,BULL,9.138390121337602
87,158.0,330.0,777.0,-0.29277696414284515,0.6309258568758755,2.2049413298505582,-0.0018530187603977542,0.0019118965359875017,0.0028377623292799975,0.43037974683544306,0.509090909090909,0.5238095238095238,0.8241360565975265,1.213284914323275,1.235468251503922,-0.4179713296695901,-0.4381571072473712,-0.6723750390465346,e50,e100,0.0,24,BTCETH,BULL,9.110308567082198
42,348.0,626.0,1347.0,-0.5028988483858841,0.19135678232673436,5.969260454868995,-0.0014451116332927702,0.00030568176090532646,0.0044315222382100925,0.4367816091954023,0.4792332268370607,0.49888641425389757,0.9137896688358325,1.0173592146318715,1.1971976905750572,-1.0020185229084038,-1.465453678754637,-1.0870573847548881,e50,e200,0.0005,48,ALL,ALL,7.257442665227674
66,345.0,620.0,1334.0,-0.6510161363722168,0.04012672746028745,6.101109799354233,-0.0018870032938325123,6.472052816175395e-05,0.004573545576727311,0.4318840579710145,0.4790322580645161,0.4985007496251874,0.8886760358229542,1.0036745331431287,1.2048609578658087,-1.1004823848124112,-1.4412382986157386,-1.0870573847548881,e50,e200,0.001,48,ALL,ALL,6.911522124059756
18,352.0,628.0,1357.0,-0.39583400981818895,0.08951340808403652,5.4136038743962445,-0.0011245284369834913,0.00014253727401916641,0.0039893912117879475,0.4403409090909091,0.47770700636942676,0.4952100221075903,0.9318965877107735,1.008046005698163,1.175737720881994,-0.9668000050090808,-1.4649203660915655,-1.234630820169755,e50,e200,0.0,48,ALL,ALL,6.458249486406437
143,55.0,106.0,264.0,-0.33500054213084585,-0.0444598271567415,1.2971967468519214,-0.006090918947833561,-0.0004194323316673727,0.004913624041105763,0.41818181818181815,0.49056603773584906,0.5037878787878788,0.6816257908896702,0.9780279306763002,1.2562726943292786,-0.534351807040617,-0.5768983915889717,-0.6781382631108583,e50,e100,0.001,48,ETH,BULL,6.309060002776596
119,55.0,107.0,265.0,-0.33500054213084585,-0.05856651550826285,1.1930667263849033,-0.006090918947833561,-0.0005473506122267556,0.00450213859013171,0.41818181818181815,0.48598130841121495,0.4981132075471698,0.6816257908896702,0.9712858819713425,1.2309949658714945,-0.534351807040617,-0.5910050799404931,-0.6743110852863068,e50,e100,0.0005,48,ETH,BULL,5.6097182135210355
95,55.0,107.0,267.0,-0.2912482741940645,-0.05856651550826285,1.104126924205029,-0.005295423167164809,-0.0005473506122267556,0.0041353068322285726,0.41818181818181815,0.48598130841121495,0.4943820224719101,0.7111979785004141,0.9712858819713425,1.2098019549802332,-0.49059953910383564,-0.5910050799404931,-0.6743110852863068,e50,e100,0.0,48,ETH,BULL,5.221693444726636
114,376.0,680.0,1462.0,-0.9534931791706602,0.10884350311040669,3.7396083759899215,-0.0025358861148155856,0.00016006397516236278,0.002557871666203777,0.4308510638297872,0.47352941176470587,0.49794801641586867,0.8537267665089555,1.009416413535429,1.110284926943186,-1.386474260476947,-1.3403040925433236,-1.202090865282512,e50,e100,0.0005,48,ALL,ALL,4.997700957007117
138,371.0,674.0,1451.0,-1.2289910361832586,-0.05574323387453495,4.22834453896963,-0.0033126443023807507,-8.270509476933969e-05,0.0029140899648308956,0.42318059299191374,0.4762611275964392,0.5003445899379738,0.8134052947394073,0.9951253766094329,1.1269552136277998,-1.6840942698831158,-1.3601494161345271,-1.2020908652825115,e50,e100,0.001,48,ALL,ALL,4.870760365529449
90,381.0,682.0,1474.0,-1.0107372237031935,0.1314244109171876,3.26429922987207,-0.002652853605520193,0.00019270441483458593,0.0022145856376336974,0.4304461942257218,0.47214076246334313,0.4932157394843962,0.8453048794554346,1.0114054213319923,1.0951738706423333,-1.4148321995350082,-1.2660749698588607,-1.2949424805637042,e50,e100,0.0,48,ALL,ALL,4.706573759277195
140,243.0,449.0,1013.0,-0.9958391331828675,0.051785693464864085,1.5627939694064077,-0.00409810342873608,0.00011533562018900687,0.0015427383705887538,0.4279835390946502,0.46993318485523383,0.49555774925962487,0.7533114591456631,1.0079073041675057,1.0825537575343334,-1.4559021681572522,-1.197980232202306,-1.2020908652825115,e50,e100,0.001,48,BTCETH,ALL,3.8638706726686065
44,227.0,417.0,949.0,-0.6089375733716674,0.11630616235353808,1.0114150720379413,-0.002682544376086641,0.0002789116603202352,0.0010657693066785472,0.44052863436123346,0.4748201438848921,0.49209694415173866,0.8314447443089281,1.0180524910312694,1.0552486851811669,-1.0020185229084038,-1.396388599833978,-0.8470509212858962,e50,e200,0.0005,48,BTCETH,ALL,3.6968938035314536
116,248.0,454.0,1022.0,-0.6976667246042149,0.09225881963925542,1.1354167308983498,-0.0028131722766298987,0.0002032132591173027,0.0011109752748516143,0.43951612903225806,0.4647577092511013,0.4931506849315068,0.8242203213837312,1.0138264845967324,1.0586888558085086,-1.136549617407607,-1.178134908611101,-1.202090865282512,e50,e100,0.0005,48,BTCETH,ALL,3.5899171334914604
38,333.0,612.0,1414.0,-0.41240536324395866,0.20230213314222895,0.9940772824484174,-0.001238454544276152,0.0003305590410820734,0.0007030249522266036,0.43543543543543545,0.4918300653594771,0.4929278642149929,0.886050333696979,1.0323658883735292,1.053967679415732,-0.6276166788325612,-0.5806425308513243,-1.4313799655103645,e50,e200,0.0005,24,BTCETH,ALL,3.4504766021800117
20,230.0,418.0,957.0,-0.5138663214195176,0.08976922950471566,0.8841316255925068,-0.0022342013974761634,0.0002147589222600853,0.0009238574980067991,0.4434782608695652,0.47368421052631576,0.4890282131661442,0.8569232520821949,1.0138763981365846,1.0479070175139247,-0.9668000050090808,-1.3958552871709065,-0.8613572505392569,e50,e200,0.0,48,BTCETH,ALL,3.415158758177479
14,341.0,616.0,1436.0,-0.41164229067647606,0.24137071497049112,0.7698124674775304,-0.0012071621427462641,0.0003918355762507973,0.0005360811054857455,0.436950146627566,0.49188311688311687,0.4923398328690808,0.888563544905345,1.0385545733422983,1.0408210718023756,-0.6197652421275899,-0.5806425308513244,-1.4510548587623333,e50,e200,0.0,24,BTCETH,ALL,3.3991279031320145
55,306.0,651.0,1463.0,-0.33735873944971195,-0.4122474820624828,3.6226114597361043,-0.0011024795406853333,-0.0006332526606182532,0.0024761527407628874,0.46405228758169936,0.4485407066052227,0.49829118250170884,0.8524985190925048,0.9295947989633283,1.2395046825257947,-0.46265715622925285,-0.6707257567433088,-0.9626802871481194,e50,e200,0.001,12,ALL,BULL,3.378746901015504
92,252.0,456.0,1033.0,-0.6182036181443022,0.12039194645998966,0.8095774590826867,-0.0024531889608900882,0.0002640174264473457,0.0007837148684246726,0.44047619047619047,0.46271929824561403,0.4878993223620523,0.8437085295145534,1.0181403866928804,1.0411770471347779,-1.10894541489251,-1.0902931648220997,-1.1907515547806677,e50,e100,0.0,48,BTCETH,ALL,3.3710671551470224
59,111.0,204.0,538.0,-0.16308331178565472,-0.02047047821335335,0.763329864144554,-0.0014692190250959883,-0.00010034548143800661,0.0014188287437631114,0.4774774774774775,0.45098039215686275,0.4962825278810409,0.8070355693826687,0.98727517099258,1.1517756667321821,-0.22214774138762583,-0.3643526137611939,-0.6453077121345546,e50,e200,0.001,12,ETH,BULL,3.3571886186118607
62,323.0,599.0,1387.0,-0.41866128551541826,0.23736203527966115,0.6359134194923657,-0.0012961649706359699,0.0003962638318525228,0.0004584811964616912,0.43962848297213625,0.48914858096828046,0.48954578226387885,0.8824857833098435,1.0385759391930285,1.0344038449015642,-0.641015052880691,-0.5702905099289328,-1.4162786080182024,e50,e200,0.001,24,BTCETH,ALL,3.3239886442613296
127,304.0,640.0,1448.0,-0.3645336720857947,-0.4302047006793205,3.6038124040140413,-0.001199123921334851,-0.0006721948448114382,0.0024888207210041723,0.4605263157894737,0.446875,0.4993093922651934,0.840635059214501,0.9253591740429821,1.240219602143266,-0.47098271927387286,-0.6243770429292504,-0.9103943842701231,e50,e100,0.001,12,ALL,BULL,3.3100098075675444
68,224.0,411.0,939.0,-0.7581579067348624,-0.03492389251290895,1.2539096564190069,-0.003384633512209207,-8.497297448396338e-05,0.001335367046239624,0.4330357142857143,0.4744525547445255,0.4909478168264111,0.7910454836922146,0.9944910959142694,1.0701790427229827,-1.1004823848124112,-1.3721732196950795,-0.8933315393508956,e50,e200,0.001,48,BTCETH,ALL,3.230091235908949
131,110.0,200.0,530.0,-0.15559222117007518,-0.047121686888946246,0.7946472911769233,-0.0014144747379097743,-0.00023560843444473122,0.0014993345116545724,0.4818181818181818,0.45,0.5,0.8142528246212101,0.9703890331698695,1.1609477938581958,-0.2146566507720463,-0.40090732444809873,-0.5930218092565581,e50,e100,0.001,12,ETH,BULL,3.1594544697931752
36,504.0,924.0,1998.0,-0.5120957232698005,-0.6672096048459976,4.530849447771747,-0.0010160629429956359,-0.0007220883169328977,0.0022676924163021754,0.4444444444444444,0.4816017316017316,0.4984984984984985,0.9141638524208919,0.9450620254960801,1.1451607548047928,-0.7663656293344276,-1.4609175047236445,-1.486277475071109,e50,e200,0.0005,24,ALL,ALL,2.9137385627372527
31,316.0,665.0,1505.0,-0.43953481451248694,-0.5258507314991603,3.526427348664485,-0.0013909329573179967,-0.0007907529796979854,0.0023431410954581297,0.45569620253164556,0.44661654135338347,0.49767441860465117,0.8171988789018138,0.9123538413448449,1.2287887396742312,-0.5610984445990427,-0.770079122047906,-1.0519842904383094,e50,e200,0.0005,12,ALL,BULL,2.9027777170812348
35,114.0,207.0,552.0,-0.2256849087415669,-0.04637513354908235,0.6646499203656535,-0.0019796921819435695,-0.0002240344615897698,0.0012040759426914013,0.47368421052631576,0.4444444444444444,0.49094202898550726,0.7508238439889171,0.9716066966743141,1.1278468791264458,-0.24807705557873527,-0.3615429818775711,-0.7346117154247406,e50,e200,0.0005,12,ETH,BULL,2.8554605953126213
103,314.0,654.0,1488.0,-0.4667097471485697,-0.543807950115998,3.5124205598637377,-0.0014863367743585022,-0.000831510627088682,0.002360497688080469,0.45222929936305734,0.44495412844036697,0.49798387096774194,0.8059178612219251,0.9079541267978639,1.2297172185183542,-0.5731587943366488,-0.7306195556793449,-0.9996983875603133,e50,e100,0.0005,12,ALL,BULL,2.835147779219323
49,374.0,789.0,1798.0,-0.8879918883836331,-0.36210468912646043,2.9034837703771186,-0.002374309861988324,-0.0004589413043427889,0.0016148408066613562,0.41711229946524064,0.467680608365019,0.5027808676307007,0.652942767668526,0.9351113192023477,1.1892822043144302,-0.9836247980629322,-0.6238694201376329,-1.034663376094724,e50,e200,0.001,8,ALL,BULL,2.8213517214925563
60,493.0,909.0,1968.0,-0.5333626045095443,-0.6326970290359694,4.118253353807022,-0.0010818714087414691,-0.0006960363355731236,0.002092608411487308,0.44421906693711966,0.47964796479647964,0.4954268292682927,0.9097490516785682,0.9474015236732737,1.1316660760154769,-0.7947749623508414,-1.4511128101286572,-1.4972219320340505,e50,e200,0.001,24,ALL,ALL,2.7796033400298112
7,320.0,669.0,1527.0,-0.4018231880762879,-0.5612609875364944,3.5337803062561237,-0.0012556974627383997,-0.0008389551383206196,0.0023141979739725762,0.45625,0.4439461883408072,0.49901768172888017,0.8333409840776207,0.9072337240879093,1.226845858898619,-0.5233868181628429,-0.7700791220479063,-1.0758272433025535,e50,e200,0.0,12,ALL,BULL,2.7703672803178656
121,371.0,777.0,1781.0,-0.8867974755932995,-0.37151749359319564,2.8391394733524664,-0.0023902896916261442,-0.0004781434923979352,0.001594126599299532,0.41778975741239893,0.46589446589446587,0.5030881527231892,0.6521806930997648,0.9325382541329891,1.1860634675126345,-0.9824303852725986,-0.6376155818142617,-1.0170256148963366,e50,e100,0.001,8,ALL,BULL,2.7564413361492854
79,318.0,658.0,1510.0,-0.42899812071237053,-0.5792182061533321,3.5197735174553753,-0.0013490506940640583,-0.0008802708300202616,0.0023309758393744206,0.4528301886792453,0.44224924012158057,0.49933774834437084,0.8220891396531681,0.9027925602759066,1.2277489621084265,-0.535447167900449,-0.7450282886113762,-1.0235413404245572,e50,e100,0.0,12,ALL,BULL,2.7009757017182308
134,360.0,671.0,1541.0,-0.3978548170510043,0.3853512460827148,-0.7389999376883718,-0.001105152269586123,0.0005742939583945079,-0.00047955868766279806,0.45555555555555555,0.4858420268256334,0.48215444516547695,0.900406676918974,1.05589549388536,0.9653508317440257,-0.6851162725394104,-0.5970554627071709,-2.1199676157574614,e50,e100,0.001,24,BTCETH,ALL,2.6902755547556034
12,513.0,929.0,2023.0,-0.5396550859294591,-0.6573320382046159,4.0482297351170216,-0.0010519592318313043,-0.0007075694706185317,0.0020011021923465257,0.4444444444444444,0.48116254036598494,0.49876421156697975,0.9110810328665166,0.9460495355876899,1.1266117370542612,-0.7889398181283566,-1.490108519910525,-1.6015023000309956,e50,e200,0.0,24,ALL,ALL,2.6586245237514134
110,370.0,685.0,1573.0,-0.38365529613590066,0.31677349337314065,-0.45767555561832396,-0.0010369062057727044,0.0004624430560191834,-0.00029095712372430006,0.4540540540540541,0.48759124087591244,0.4831532104259377,0.9052131969623817,1.0451407800261006,0.9786279828260547,-0.6750813754735394,-0.617993850620118,-2.0523442634638998,e50,e100,0.0005,24,BTCETH,ALL,2.657697751166222
107,113.0,203.0,544.0,-0.2181938181259874,-0.0730263422246753,0.6959673473980231,-0.0019309187444777646,-0.0003597356759836222,0.0012793517415404837,0.4778761061946903,0.4433497536945813,0.4944852941176471,0.7570855688507361,0.9548095384079947,1.136283400094539,-0.24058596496315574,-0.39809769256447586,-0.6823258125467427,e50,e100,0.0005,12,ETH,BULL,2.6509733280757732
11,116.0,208.0,558.0,-0.1936775194088755,-0.06573228771027184,0.6589299110265733,-0.0016696337880075475,-0.00031602061399169155,0.0011808779767501314,0.47413793103448276,0.4375,0.492831541218638,0.787606714012498,0.960419263821262,1.1262281695318512,-0.21606966624604396,-0.3615429818775711,-0.7584546682889841,e50,e200,0.0,12,ETH,BULL,2.6354841821198614
25,393.0,812.0,1859.0,-0.871568737828045,-0.4371602621993538,2.8495389458122875,-0.00221773215732327,-0.0005383747071420613,0.001532834290377777,0.4223918575063613,0.46551724137931033,0.5002689618074233,0.6708918011080056,0.9241262282686781,1.1818015141946807,-0.967201647507344,-0.6513094997198736,-1.1294088596945855,e50,e200,0.0005,8,ALL,BULL,2.5620126185570133
29,139.0,254.0,675.0,-0.3279117220722341,-0.0020691551169170763,0.34718477477782284,-0.0023590771372103175,-8.146279987862505e-06,0.0005143478144856634,0.4460431654676259,0.4763779527559055,0.49777777777777776,0.6417658683232418,0.9987205325029991,1.063708417271628,-0.3645091494794485,-0.31396414024085384,-0.9136371813833772,e50,e200,0.0005,8,ETH,BULL,2.5604842042845655
125,129.0,242.0,644.0,-0.3326760848904037,-0.031213446891069835,0.40820414514893677,-0.0025788843789953772,-0.00012898118550028857,0.0006338573682436907,0.43410852713178294,0.4793388429752066,0.5031055900621118,0.6183143995742005,0.9801457890791501,1.0782266103449767,-0.3692735122976182,-0.29154806405081174,-0.7998984039175336,e50,e100,0.001,8,ETH,BULL,2.4342673966672406
83,115.0,204.0,550.0,-0.18618642879329603,-0.09238349638586502,0.6902473380589426,-0.0016190124242895308,-0.0004528602764012991,0.0012549951601071683,0.4782608695652174,0.4362745098039216,0.49636363636363634,0.7941304816897051,0.9437841100250796,1.134600511850195,-0.2085785756304644,-0.3980976925644759,-0.7061687654109863,e50,e100,0.0,12,ETH,BULL,2.4276592291798447
53,130.0,246.0,653.0,-0.33501757676966015,-0.0437738780272475,0.46855935236592505,-0.0025770582828435395,-0.00017794259360669713,0.0007175487785083079,0.4307692307692308,0.4796747967479675,0.5022970903522205,0.6166577865564723,0.9724141890515657,1.0892041867264493,-0.3716150041768746,-0.30624158764535514,-0.8175361651159192,e50,e200,0.001,8,ETH,BULL,2.4232819670729286
97,389.0,799.0,1839.0,-0.8747969514220311,-0.47960261305646706,2.7593889979704116,-0.002248835350699309,-0.0006002535832997085,0.001500483413795765,0.42159383033419023,0.46307884856070086,0.5002718868950516,0.6685413666486364,0.9156870707567698,1.176993205072691,-0.9704298611013297,-0.6318627921476374,-1.111771098496199,e50,e100,0.0005,8,ALL,BULL,2.392656523025809
40,168.0,299.0,708.0,-0.2930377010866263,-0.04812796315443857,0.4737370389441249,-0.0017442720302775375,-0.00016096308747303868,0.0006691201115030012,0.44642857142857145,0.5050167224080268,0.4943502824858757,0.8598593154564987,0.9868738699270382,1.0458694552900165,-0.46471038685490956,-0.5806425308513243,-1.4313799655103532,e50,e200,0.0005,24,ETH,ALL,2.3799372617739785
86,378.0,690.0,1596.0,-0.36799795965462,0.2603106680953569,-0.6491950371395937,-0.0009735395758058731,0.00037726183781935783,-0.000406763807731575,0.455026455026455,0.48840579710144927,0.4824561403508772,0.9104070104142286,1.0365283147817357,0.9702560037163954,-0.6595058195533134,-0.6179938506201191,-2.0328256676535488,e50,e100,0.0,24,BTCETH,ALL,2.354544186405272
57,208.0,436.0,1054.0,-0.25437674100186847,-0.19456615687002543,1.226361983791878,-0.0012229651009705216,-0.00044625265337161794,0.0011635312939201879,0.46153846153846156,0.4610091743119266,0.5113851992409867,0.8246752598951103,0.9367723577995781,1.1399805686389395,-0.3242048764656938,-0.47161641762021445,-0.6453077121345632,e50,e200,0.001,12,BTCETH,BULL,2.3477789136154694
1,403.0,828.0,1897.0,-0.825232883736193,-0.4972605133220225,2.7551282391228806,-0.002047724277261025,-0.000600556175509689,0.001452360695373158,0.42431761786600497,0.46497584541062803,0.49868212967843967,0.6925790403487789,0.9159412110643932,1.1724454716022807,-0.9208657934154935,-0.693275998556484,-1.1699366067557386,e50,e200,0.0,8,ALL,BULL,2.339635027020454
101,137.0,249.0,666.0,-0.32999285657729727,-0.02253827037111744,0.28682956756083444,-0.0024087069823160384,-9.051514205268049e-05,0.0004306750263676193,0.44525547445255476,0.4738955823293173,0.4984984984984985,0.638567740424651,0.9859356154769647,1.052967928146188,-0.36659028398451166,-0.2992706166463104,-0.8959994201849921,e50,e100,0.0005,8,ETH,BULL,2.288548285885411
64,165.0,292.0,696.0,-0.27630826350203597,-0.03364308741344574,0.28916261780610897,-0.0016745955363759756,-0.00011521605278577307,0.0004154635313306163,0.45454545454545453,0.5034246575342466,0.49137931034482757,0.8667941813040356,0.990676399090373,1.0277854662747388,-0.4479809492703192,-0.5702905099289328,-1.4162786080181955,e50,e200,0.001,24,ETH,ALL,2.203493291124182
16,171.0,299.0,716.0,-0.26582386509818257,-0.04379974636267325,0.33826921539444754,-0.0015545255268899565,-0.00014648744602900753,0.0004724430382604016,0.4444444444444444,0.5050167224080268,0.49441340782122906,0.8739704632961265,0.9880402036788836,1.0321512116519598,-0.4353933605947061,-0.5806425308513243,-1.451054858762319,e50,e200,0.0,24,ETH,ALL,2.19965956153323
73,399.0,815.0,1877.0,-0.8284610973301789,-0.5397028641791359,2.6649782912810043,-0.0020763436023312756,-0.0006622121032872834,0.0014198072942360172,0.42355889724310775,0.4625766871165644,0.4986680873734683,0.6903336032568782,0.9076217192283542,1.1676796283688453,-0.9240940070094793,-0.6738292909842476,-1.1522988455573469,e50,e100,0.0,8,ALL,BULL,2.17068443525865
33,217.0,447.0,1089.0,-0.3699539573227669,-0.20881604100210566,1.135142771394502,-0.001704856946187866,-0.0004671499798704825,0.0010423716909040421,0.4470046082949309,0.4608501118568233,0.5078053259871441,0.7635233747100303,0.9331194658564775,1.1258148460950732,-0.4105977789821744,-0.45260090972998257,-0.7346117154247533,e50,e200,0.0005,12,BTCETH,BULL,2.167006043114628
129,207.0,430.0,1042.0,-0.24688565038628887,-0.2278323991154983,1.186251064262681,-0.001192684301383038,-0.0005298427886406938,0.0011384367219411525,0.463768115942029,0.4604651162790698,0.5124760076775432,0.8289552418451218,0.9253896791113433,1.136772039429945,-0.3167137858501142,-0.4782314511900943,-0.5930218092565669,e50,e100,0.001,12,BTCETH,BULL,2.140912863201053
108,559.0,1027.0,2224.0,-0.6174516898543031,-0.45003518300214673,2.051305083518886,-0.0011045647403475905,-0.0004382036835463941,0.0009223494080570531,0.4543828264758497,0.4810126582278481,0.49010791366906475,0.9080269836425541,0.96599897402257,1.056463446921221,-0.9473042236662197,-1.357730088384614,-2.0523442634638998,e50,e100,0.0005,24,ALL,ALL,2.068404461908056
132,548.0,1011.0,2189.0,-0.6466621697376909,-0.3820047566199769,1.7155484704401647,-0.0011800404557257133,-0.0003778484239564559,0.0007837133259205869,0.45255474452554745,0.4797230464886251,0.488807674737323,0.9029179236184278,0.9708259741956167,1.0473325205554316,-0.976514703549608,-1.3373390267990717,-2.1199676157574614,e50,e100,0.001,24,ALL,ALL,2.046174972758723
5,142.0,259.0,686.0,-0.26758205355959336,-0.04557767032033794,0.24138205829702475,-0.0018843806588703757,-0.00017597556108238586,0.00035186888964580865,0.4507042253521127,0.4749034749034749,0.49854227405247814,0.7109746474731681,0.972889584355416,1.0432595609575528,-0.30417948096680764,-0.3413767223619888,-0.9541649284445322,e50,e200,0.0,8,ETH,BULL,2.0160669127940056
105,216.0,441.0,1076.0,-0.3624628667071874,-0.2420822832475787,1.09309878464982,-0.0016780688273480898,-0.000548939417794963,0.001015891063800948,0.44907407407407407,0.4603174603174603,0.508364312267658,0.7671969798738033,0.921874240383675,1.1223447048494282,-0.4031066883665948,-0.45921594329986243,-0.6823258125467571,e50,e100,0.0005,12,BTCETH,BULL,1.9622311734441251
9,221.0,451.0,1108.0,-0.3322423308865678,-0.24422629703944004,1.0986778944184292,-0.0015033589632876372,-0.0005415217229255877,0.0009915865473090516,0.4479638009049774,0.4567627494456763,0.5090252707581228,0.7885219956848855,0.9230248329237006,1.1190175058231326,-0.37288615254597474,-0.4707493752749966,-0.7584546682889972,e50,e200,0.0,12,BTCETH,BULL,1.9505854402047094
81,220.0,445.0,1095.0,-0.3247512402709883,-0.27749253928491285,1.0566339076737474,-0.0014761420012317649,-0.0006235787399660963,0.0009649624727614132,0.45,0.45617977528089887,0.5095890410958904,0.792299846996618,0.9118845267012619,1.1155614161295675,-0.36539506193039506,-0.4773644088448765,-0.7061687654110009,e50,e100,0.0,12,BTCETH,BULL,1.74525093566005
77,140.0,254.0,677.0,-0.2696631880646565,-0.0660467855745383,0.18102685108003647,-0.0019261656290332607,-0.00026002671486038704,0.0002673956441359475,0.45,0.47244094488188976,0.49926144756277696,0.7079881999155317,0.9603678032691999,1.0326443912238843,-0.3062606154718708,-0.3266831987674454,-0.9365271672461467,e50,e100,0.0,8,ETH,BULL,1.7403544089082577
84,568.0,1033.0,2252.0,-0.6404306076538637,-0.5356890234668108,1.5355028190358442,-0.0011275186754469433,-0.0005185760149727113,0.000681839617689096,0.45422535211267606,0.48112294288480156,0.4897868561278863,0.9058045589856939,0.9599452925087086,1.0412699136239032,-0.970364922026835,-1.386921103571495,-2.223263593778152,e50,e100,0.0,24,ALL,ALL,1.6459027938762851
112,185.0,344.0,795.0,-0.18894138295573848,0.017141201715928922,-0.5671167664893774,-0.0010213047727337214,4.982907475560733e-05,-0.0007133544232570785,0.4756756756756757,0.4941860465116279,0.48050314465408805,0.9168889616012545,1.0040644402767542,0.9540925288734007,-0.45400802814581065,-0.6179938506201206,-2.052344263463901,e50,e100,0.0005,24,ETH,ALL,1.344460695404291
136,182.0,336.0,782.0,-0.1801555440147923,0.0651439280290636,-0.8345113855119108,-0.0009898656264549029,0.0001938807381817369,-0.0010671501093502697,0.47802197802197804,0.49404761904761907,0.479539641943734,0.920299630960196,1.0157611196022358,0.9327146618042275,-0.4306603192450851,-0.5970554627071741,-2.119967615757458,e50,e100,0.001,24,ETH,ALL,1.2690871484196673
88,188.0,344.0,802.0,-0.1617275469672947,0.021469418507694127,-0.6522525886268794,-0.0008602529094005036,6.241110031306433e-05,-0.0008132825294599494,0.4734042553191489,0.4941860465116279,0.48129675810473815,0.9294245240321347,1.0050959563795725,0.9478288480908892,-0.4267941921573669,-0.6179938506201206,-2.0328256676535483,e50,e100,0.0,24,ETH,ALL,1.264464475636641
27,267.0,547.0,1347.0,-0.6108105953506218,-0.3666688798793605,0.7471583832355073,-0.0022876801323993327,-0.0006703270198891416,0.0005546832837680084,0.4157303370786517,0.4606946983546618,0.5070527097253155,0.6190525566329262,0.8828135275646063,1.0808370017400335,-0.6988968892769294,-0.5804897854925091,-0.9136371813833885,e50,e200,0.0005,8,BTCETH,BULL,1.177679773294365
51,250.0,529.0,1295.0,-0.5714140211228548,-0.4131786526592548,0.8324440070309054,-0.002285656084491419,-0.000781056054176285,0.0006428139050431702,0.412,0.45935727788279773,0.5111969111969112,0.6221021673856912,0.8653799455088828,1.0930659147284911,-0.6595003150491626,-0.6238694201376329,-0.8175361651159346,e50,e200,0.001,8,BTCETH,BULL,1.039147656927974
3,275.0,562.0,1381.0,-0.5528736112853744,-0.37771070982610966,0.6001605110907038,-0.0020104494955831796,-0.0006720831135695901,0.0004345840051344705,0.4218181818181818,0.4608540925266904,0.5047067342505431,0.6603756573599835,0.8832000650270143,1.0628925016068258,-0.6409599052116833,-0.5572836059212308,-0.9541649284445417,e50,e200,0.0,8,BTCETH,BULL,1.0365103446291304
142,123.0,224.0,515.0,-0.9278889393990327,-0.23459182392838074,0.5808099453614562,-0.007543812515439291,-0.0010472849282516998,0.0011277863016727306,0.42276422764227645,0.46875,0.4815533980582524,0.6211926252986961,0.9411251416253535,1.0522247274269967,-1.2056256124265936,-1.1979802322023052,-1.2020908652825124,e50,e100,0.001,48,ETH,ALL,1.026566314221681
99,265.0,539.0,1332.0,-0.612891729855685,-0.40088415681018985,0.6865904283570271,-0.0023127989805874906,-0.0007437553929688124,0.0005154582795473177,0.41509433962264153,0.4582560296846011,0.5075075075075075,0.6171955836087373,0.8710686048511901,1.0747472735818813,-0.7009780237819923,-0.594235947169138,-0.895999420185002,e50,e100,0.0005,8,BTCETH,BULL,0.9737633720427644
123,249.0,522.0,1282.0,-0.5690725292435983,-0.4143643831997059,0.7793059054284789,-0.0022854318443518004,-0.0007938015003825784,0.0006078829215510756,0.41365461847389556,0.4578544061302682,0.5117004680187207,0.6230669976385774,0.8641235865516328,1.0876564246126355,-0.6571588231699063,-0.6376155818142617,-0.7998984039175473,e50,e100,0.001,8,BTCETH,BULL,0.9720599319501871
75,273.0,554.0,1366.0,-0.5549547457904375,-0.411925986756939,0.5395925562122237,-0.002032801266631639,-0.0007435487125576516,0.0003950165126004566,0.42124542124542125,0.4584837545126354,0.5051244509516838,0.6586061937625137,0.8718407888426071,1.0568869158311676,-0.6430410397167464,-0.5710297675978596,-0.9365271672461503,e50,e100,0.0,8,BTCETH,BULL,0.8366467921589281
94,126.0,226.0,521.0,-0.6749560458196311,-0.1872172174133392,-0.026986343581451244,-0.005356794014441516,-0.0008283947673156601,-5.17972045709237e-05,0.4444444444444444,0.4557522123893805,0.47024952015355087,0.7106928265487618,0.9529550154121498,0.9976654238545902,-0.9951925348124633,-1.0902931648220986,-1.1907515547806673,e50,e100,0.0,48,ETH,ALL,0.2420337000644962
118,124.0,226.0,517.0,-0.7517323694616475,-0.2750589612023405,0.1928072435033652,-0.006062357818239093,-0.0012170750495678784,0.0003729347069697586,0.4435483870967742,0.4557522123893805,0.4738878143133462,0.6819472803724629,0.9323743778999982,1.0168586576980265,-1.0304110527117862,-1.1781349086111,-1.2020908652825124,e50,e100,0.0005,48,ETH,ALL,-0.1119823565679734
54,675.0,1227.0,2735.0,-1.1659241268136014,-2.0833768583230117,2.497381280032454,-0.001727295002686817,-0.0016979436498150053,0.0009131192980008973,0.45481481481481484,0.4474327628361858,0.48336380255941497,0.7962994479357739,0.8331474391531899,1.0818020186366897,-1.3074453643911328,-2.331193646389214,-1.186037856284554,e50,e200,0.001,12,ALL,ALL,-0.5678185438392338
30,696.0,1255.0,2821.0,-1.229911551966059,-2.173012151487987,2.5600222131333217,-0.001767114298801809,-0.0017314837860462047,0.000907487491362397,0.44971264367816094,0.4454183266932271,0.48564338886919534,0.790266788796114,0.8289536007489402,1.0827873774136914,-1.3537027380435613,-2.4271110831602885,-1.2988224437656157,e50,e200,0.0005,12,ALL,ALL,-0.6437391025673806
6,710.0,1272.0,2873.0,-1.22488838046347,-2.151669913675989,2.330185950145437,-0.0017251949020612254,-0.0016915643975440166,0.000811063679131722,0.447887323943662,0.44575471698113206,0.4845109641489732,0.7937197188806696,0.8320507773086134,1.0738664754199037,-1.346991342734216,-2.378215545491953,-1.2304964295694552,e50,e200,0.0,12,ALL,ALL,-0.6661478632277944
58,231.0,407.0,975.0,-0.37814526674271454,-0.6340887890570902,0.532915326755422,-0.001636992496721708,-0.0015579577126709832,0.0005465798223132534,0.46320346320346323,0.44717444717444715,0.47794871794871796,0.8111036811220899,0.834272300612882,1.053728331821208,-0.5511836873036562,-0.8754924769117339,-1.0448232942205187,e50,e200,0.001,12,ETH,ALL,-0.6813349705946228
10,244.0,420.0,1023.0,-0.40640523353397906,-0.6801939314509352,0.5695612991595654,-0.0016655952194015535,-0.0016195093605974647,0.0005567559131569555,0.45901639344262296,0.44047619047619047,0.4809384164222874,0.8070225197322406,0.8261583625900019,1.0560203857329518,-0.5510404345522635,-0.8584000748862233,-1.0821594396305103,e50,e200,0.0,12,ETH,ALL,-0.8000840597150204
48,833.0,1495.0,3311.0,-1.4517298518000006,-2.114181572306119,0.4368226536129587,-0.0017427729313325337,-0.0014141682757900461,0.0001319307319882086,0.4237695078031212,0.4434782608695652,0.48867411658109333,0.761431425465555,0.8185717462091353,1.0141555384244894,-1.598137176832803,-2.2833750087788145,-1.979374640944823,e50,e200,0.001,8,ALL,ALL,-0.863678534958259
24,871.0,1538.0,3424.0,-1.483601686900481,-2.1942690928128643,0.23277342424618302,-0.0017033314430545134,-0.0014267029212047231,6.798289259526373e-05,0.42709529276693453,0.44213263979193757,0.4877336448598131,0.7641548529718066,0.8163511126560452,1.0073924097108629,-1.6464326925468602,-2.3798831297688445,-2.140724186536171,e50,e200,0.0005,8,ALL,ALL,-0.9616794274472744
34,238.0,415.0,1005.0,-0.44503943028150306,-0.7012485283594865,0.4719851233237189,-0.0018699135726113574,-0.001689755490022859,0.00046963693863056607,0.46218487394957986,0.43855421686746987,0.47960199004975124,0.7857097911983597,0.8196867447118863,1.0466821821541805,-0.5905399911775242,-0.8937341382700116,-1.1616126719411928,e50,e200,0.0005,12,ETH,ALL,-1.0435051145490848
8,480.0,846.0,2035.0,-0.7268790111684575,-1.259403101980027,0.14485763524044926,-0.00151433127326762,-0.0014886561489125614,7.118311314026991e-05,0.4479166666666667,0.44562647754137114,0.48157248157248156,0.7966428308119724,0.8192073273529107,1.0078615767869679,-0.7831767479105223,-1.4722077931719135,-1.0821594396304943,e50,e200,0.0,12,BTCETH,ALL,-1.079060280544974
28,293.0,512.0,1212.0,-0.5975560581975398,-0.5164440765272786,-1.0527930332068036,-0.0020394404716639583,-0.001008679836967341,-0.0008686411165072638,0.4300341296928328,0.453125,0.48102310231023104,0.7172734845134169,0.8564129549271187,0.9034515600473001,-0.7430918145184814,-0.6638448941981444,-2.0645797606440235,e50,e200,0.0005,8,ETH,ALL,-1.126136275467527
0,893.0,1565.0,3510.0,-1.4304005389587473,-2.2591504180167377,-0.22708176256982593,-0.0016017923168630988,-0.001443546592981941,-6.469565885180226e-05,0.42889137737961924,0.4428115015974441,0.4863247863247863,0.7754042946914949,0.8139534853038908,0.9929827027957284,-1.59323154460513,-2.41573503970641,-2.303918291015724,e50,e200,0.0,8,ALL,ALL,-1.1448526567160655
56,450.0,809.0,1919.0,-0.6474130951689614,-1.2729009141125456,0.19777825649393121,-0.0014386957670421364,-0.0015734251101514778,0.0001030631873339923,0.4577777777777778,0.44746600741656367,0.48097967691505994,0.8084216326617107,0.8123144124463497,1.011155782245152,-0.7231291072178115,-1.506976761554671,-1.044823294220507,e50,e200,0.001,12,BTCETH,ALL,-1.2203168382774612
102,786.0,1396.0,3134.0,-1.540756276321456,-2.374235345811825,0.9994182605733581,-0.0019602497154216996,-0.0017007416517276683,0.0003188954245607397,0.44529262086513993,0.4462750716332378,0.4805360561582642,0.7720590122826649,0.8322121609593833,1.0281799004905714,-1.7999062923459843,-2.620130618057696,-1.510092109478224,e50,e100,0.0005,12,ALL,ALL,-1.2221958174446423
78,801.0,1414.0,3195.0,-1.5067570698862622,-2.34144986969251,0.7070215977468737,-0.001881094968647019,-0.0016559051412252546,0.0002212900149442484,0.44569288389513106,0.44695898161244696,0.47949921752738656,0.7790833792913893,0.8355826016278755,1.0195395225154347,-1.7673288384326642,-2.5536105577526627,-1.620375254116419,e50,e100,0.0,12,ALL,ALL,-1.2353981433629504
32,468.0,832.0,1991.0,-0.7535597338998483,-1.3164555974047056,0.16692786928099135,-0.0016101703715808724,-0.0015822783622652713,8.384122013108556e-05,0.44871794871794873,0.44471153846153844,0.4826720241084882,0.7860569218651898,0.809226765745901,1.0092444723433582,-0.8115456944486698,-1.5568135884529308,-1.1616126719411801,e50,e200,0.0005,12,BTCETH,ALL,-1.2622442663101978
52,279.0,493.0,1174.0,-0.5774627651090339,-0.5508485938596316,-0.9305264762357527,-0.0020697590147277204,-0.0011173399469769404,-0.0007926119899793464,0.4229390681003584,0.4543610547667343,0.4804088586030664,0.7144035472080674,0.8416146968344804,0.9127018995881008,-0.7229985214299757,-0.6392237172506932,-1.9032302150526803,e50,e200,0.001,8,ETH,ALL,-1.2729752875106464
4,302.0,520.0,1244.0,-0.5000363914961503,-0.5458157865162134,-1.171257030352744,-0.0016557496407157296,-0.0010496457433004105,-0.0009415249440134599,0.4370860927152318,0.45384615384615384,0.48231511254019294,0.7653735471233711,0.8504310075350857,0.8948821829487537,-0.6455721478170913,-0.695509432454042,-2.1025946914819236,e50,e200,0.0,8,ETH,ALL,-1.295503240130441
126,761.0,1363.0,3042.0,-1.3721012342134196,-2.4148001585084033,0.9092422827119666,-0.0018030239608586328,-0.0017716802336818806,0.0002988962139092592,0.4520367936925099,0.44607483492296407,0.47961867192636426,0.7893718339578025,0.826606481316115,1.0259582890735,-1.6489813017379773,-2.6235975638514604,-1.549056440489564,e50,e100,0.001,12,ALL,ALL,-1.3918994830648872
2,602.0,1055.0,2502.0,-0.8754300403415767,-1.3453819671536695,-1.5786040546654525,-0.0014542027248198948,-0.0012752435707617722,-0.0006309368723682864,0.43023255813953487,0.43317535545023694,0.48201438848920863,0.7576018216844516,0.7972348195140035,0.917519486843399,-1.0307144302349638,-1.4612343613840206,-2.1724021582693567,e50,e200,0.0,8,BTCETH,ALL,-1.4666697075344282
26,584.0,1030.0,2430.0,-0.9702930552441029,-1.3613596967054407,-1.3882379156936695,-0.0016614607110344228,-0.0013217084434033405,-0.0005712913233307282,0.4246575342465753,0.43106796116504853,0.4831275720164609,0.7285889707922946,0.791243278761345,0.9255858605882212,-1.1255774451374876,-1.5062415062020995,-2.064579760644035,e50,e200,0.0005,8,BTCETH,ALL,-1.4978790707878435
80,543.0,948.0,2268.0,-0.7819606409655893,-1.4157682750549156,-0.6898421436937392,-0.0014400748452404958,-0.0014934264504798689,-0.0003041632026868339,0.44751381215469616,0.44831223628691985,0.4775132275132275,0.8059807936678495,0.8211233849776601,0.9670518317777361,-0.9767271839833098,-1.6294893783611188,-1.472487017752805,e50,e100,0.0,12,BTCETH,ALL,-1.5028408868911756
120,932.0,1665.0,3673.0,-1.539156062210909,-2.408500233113176,-1.6859106164183442,-0.00165145500237222,-0.00144654668655446,-0.00045900098459524755,0.4259656652360515,0.439039039039039,0.47753879662401305,0.7721129306193273,0.8154326845629627,0.9526193271114104,-1.7779175612667002,-2.485127119543808,-2.9524096886694853,e50,e100,0.001,8,ALL,ALL,-1.5840423460297943
128,509.0,907.0,2137.0,-0.6722660601942142,-1.4169699933517754,-0.5365657200874456,-0.0013207584679650573,-0.001562260191126544,-0.0002510836312996938,0.4577603143418468,0.4487320837927233,0.4782405240992045,0.8227725442682087,0.8162075305979345,0.9733177218830446,-0.8833409021900904,-1.6519622529082145,-1.402367971956083,e50,e100,0.001,12,BTCETH,ALL,-1.586078761071803
104,530.0,932.0,2216.0,-0.8363383128911428,-1.4582926708002066,-0.6268491891848544,-0.0015779968167757411,-0.0015646917068671746,-0.00028287418284515093,0.44716981132075473,0.44742489270386265,0.47833935018050544,0.7906036387848975,0.8138457213679304,0.9694135974133545,-1.02968310338699,-1.6995670739627473,-1.3817730044522356,e50,e100,0.0005,12,BTCETH,ALL,-1.6289982777982153
50,551.0,994.0,2330.0,-0.91694317763428,-1.4011797324967632,-1.2492483991554921,-0.001664143698065844,-0.001409637557843826,-0.0005361581112255331,0.42286751361161523,0.4305835010060362,0.48454935622317596,0.7311782966463226,0.779297061266369,0.9311349775755299,-1.0558038869140878,-1.5296409415101362,-1.9032302150526865,e50,e200,0.001,8,BTCETH,ALL,-1.6450011880712863
72,996.0,1747.0,3908.0,-1.581541347174877,-2.554945256613309,-2.359774228780005,-0.001587892918850278,-0.001462475819469553,-0.0006038316859723657,0.428714859437751,0.44075558099599316,0.47620266120777893,0.7768254832360331,0.8122729086797544,0.9366245740285916,-1.8367265268442479,-2.6241656603114976,-3.4005650501268523,e50,e100,0.0,8,ALL,ALL,-1.7798858422031254
96,972.0,1716.0,3804.0,-1.6040000691510214,-2.5881250598380547,-1.9702086094405673,-0.0016502058324598986,-0.0015082313868520132,-0.0005179307595795392,0.4279835390946502,0.4382284382284382,0.4768664563617245,0.7703458560215842,0.8073513991155958,0.9457924742247314,-1.8591852488203893,-2.683826349950755,-3.0714596333474073,e50,e100,0.0005,8,ALL,ALL,-1.7812496599432381
130,259.0,467.0,1102.0,-0.34362194241342514,-0.9242517614273046,0.36470348653113227,-0.0013267256463838808,-0.0019791258274674617,0.00033094690247834145,0.4749034749034749,0.4411134903640257,0.4782214156079855,0.8402670525921213,0.7998423437687057,1.0322372816267662,-0.5393806197155933,-1.1723475597940556,-1.2008790885205394,e50,e100,0.001,12,ETH,ALL,-1.7952251270611101
74,678.0,1184.0,2790.0,-0.9228437495422319,-1.5662903669301,-2.541003254336092,-0.0013611264742510794,-0.0013228803774747466,-0.0009107538546007498,0.4351032448377581,0.43074324324324326,0.4752688172043011,0.7716881187758667,0.7929093504490985,0.8830157244660143,-1.170482313458607,-1.6303084385777113,-3.0777846772088564,e50,e100,0.0,8,BTCETH,ALL,-1.8805895346351305
82,274.0,481.0,1152.0,-0.40905224929764405,-0.9603809200283481,0.3203874762370813,-0.0014928914207943214,-0.001996633929372865,0.00027811412867802195,0.46715328467153283,0.4386694386694387,0.4791666666666667,0.8215696364351021,0.7957564446079993,1.0275781329811495,-0.5764077070571552,-1.1646553848175738,-1.2736811385003008,e50,e100,0.0,12,ETH,ALL,-1.8918191524785595
122,623.0,1115.0,2586.0,-0.9218905492092868,-1.5124742934820248,-2.230345014215533,-0.001479760111090348,-0.0013564791869793945,-0.0008624690696889145,0.4301765650080257,0.42780269058295967,0.47641144624903325,0.7570988571817171,0.7891887191433914,0.891717752494195,-1.1531054325120824,-1.5891011799126544,-2.789504509567702,e50,e100,0.001,8,BTCETH,ALL,-1.8945209720101168
124,316.0,565.0,1317.0,-0.5602593947404916,-0.7145355342725127,-1.4814093144464733,-0.0017729727681661126,-0.001264664662429226,-0.0011248362296480436,0.43037974683544306,0.43716814159292033,0.4715261958997722,0.7464361484188207,0.8244603092097631,0.8776419859109548,-0.7687299767467001,-0.8117000281373645,-2.1557505935094103,e50,e100,0.001,8,ETH,ALL,-1.9520632593857778
98,658.0,1156.0,2702.0,-0.9986405125616347,-1.5928420030984247,-2.4328278470083764,-0.0015176907485739129,-0.0013778910061405059,-0.0009003804022976967,0.43009118541033436,0.4273356401384083,0.4755736491487787,0.7493582576757932,0.7858193831776273,0.8854269094382493,-1.2462790764780083,-1.6858894900123418,-2.942555440332102,e50,e100,0.0005,8,BTCETH,ALL,-1.9849161219628315
106,268.0,476.0,1133.0,-0.44768644604516783,-0.9814355169368993,0.2404611624742754,-0.0016704718136013724,-0.002061839321296007,0.00021223403572310273,0.4701492537313433,0.4369747899159664,0.4783759929390997,0.8022008328479481,0.7902230257713989,1.020825532326234,-0.6159072636824161,-1.208806868500298,-1.375669797137169,e50,e100,0.0005,12,ETH,ALL,-2.1003960487712785
100,330.0,586.0,1363.0,-0.5994768469353664,-0.7851675740773612,-1.672119880788015,-0.0018165965058647468,-0.0013398764062753604,-0.001226793749661053,0.43333333333333335,0.43686006825938567,0.471019809244314,0.7411401597539721,0.8158609953368142,0.8657307344648767,-0.7940524386323216,-0.9530771753073081,-2.3475125550060625,e50,e100,0.0005,8,ETH,ALL,-2.224954832410083
76,340.0,594.0,1400.0,-0.5231117322035517,-0.82703815767119,-1.7006800352838212,-0.0015385639182457402,-0.0013923201307595792,-0.001214771453774158,0.43823529411764706,0.4377104377104377,0.4742857142857143,0.7778383229516357,0.8089548154299563,0.8655896967598655,-0.7176873239005055,-0.9847417135632057,-2.295623643193828,e50,e100,0.0,8,ETH,ALL,-2.3248672031034943
46,113.0,207.0,471.0,-0.7239689994976481,-0.6350613116890602,0.3960375121082568,-0.0064068053052889215,-0.003067929041976136,0.0008408439747521375,0.4247787610619469,0.45410628019323673,0.4861995753715499,0.6782124704669482,0.8480138087240394,1.0384236453502163,-1.0020185229084038,-1.396388599833979,-0.8411512505499368,e50,e200,0.0005,48,ETH,ALL,-3.40857665512588
70,113.0,204.0,467.0,-0.7303691473664218,-0.6912372852599808,0.6336977033502021,-0.006463443782003733,-0.0033884180649999063,0.0013569543968955078,0.415929203539823,0.46078431372549017,0.49036402569593146,0.6761572013596187,0.8327237568325799,1.063374668312571,-1.0074766605545988,-1.3721732196950804,-0.8148493311470723,e50,e200,0.001,48,ETH,ALL,-3.5237833079591545
22,115.0,207.0,473.0,-0.6471926758556318,-0.634527999025988,0.28835489043865015,-0.005627762398744624,-0.0030653526522994587,0.0006096297895108883,0.4260869565217391,0.45410628019323673,0.48414376321353064,0.7083794707874282,0.8481220589298049,1.0277831799553012,-0.9668000050090807,-1.395855287170907,-0.8411512505499368,e50,e200,0.0,48,ETH,ALL,-3.645170276202922
