id,cost,year,trades,total,mean,win,pf,dd,loss_streak
0,2,2020,77,0.9028779562546385,0.011725687743566734,0.4935064935064935,1.7056553893717503,-0.2442293264890708,5
0,2,2021,67,2.7158722275158853,0.04053540638083411,0.6417910447761194,2.824838622850751,-0.26642054837708684,3
0,2,2022,45,-0.06233426956477892,-0.0013852059903284204,0.5777777777777777,0.9267020861641104,-0.5884154727355867,6
0,2,2023,108,1.4952843538052678,0.013845225498196924,0.5,2.0227173259472684,-0.29959483469164355,4
0,2,2024,77,0.8118350311720121,0.010543312093143013,0.5714285714285714,1.801918165712813,-0.31653338222681693,5
0,2,2025,72,-0.3505620460273155,-0.0048689173059349375,0.4166666666666667,0.7529359138482175,-0.49378239229490084,9
0,2,2026,67,0.4897392703978918,0.007309541349222265,0.5373134328358209,1.5388081038130874,-0.2245696134071683,5
0,3,2020,77,0.8050779562546381,0.010455557873436858,0.4935064935064935,1.605828070412008,-0.2514293264890708,5
0,3,2021,67,2.619672227515885,0.039099585485311714,0.6417910447761194,2.7209994254220384,-0.2837438146637583,3
0,3,2022,45,-0.12173426956477887,-0.002705205990328419,0.5777777777777777,0.8612119417499946,-0.6086154727355868,6
0,3,2023,108,1.3492843538052683,0.012493373646345077,0.48148148148148145,1.8793925845142414,-0.3293479280162983,5
0,3,2024,77,0.7103350311720117,0.00922513027496119,0.5714285714285714,1.6729420437052713,-0.32453338222681716,5
0,3,2025,72,-0.44636204602731566,-0.006199472861490495,0.3888888888888889,0.6977542874178484,-0.5193823922949011,9
0,3,2026,67,0.39913927039789165,0.0059573025432521146,0.5373134328358209,1.4194706871615455,-0.2607575945075632,5
1,2,2020,32,0.46965959212475056,0.014676862253898455,0.53125,2.128376521032957,-0.10041231104075138,3
1,2,2021,26,0.8619744576213428,0.033152863754667035,0.5769230769230769,1.807653436841135,-0.6338250433356574,3
1,2,2022,17,-0.39285783198865765,-0.02310928423462692,0.5294117647058824,0.33464511966913835,-0.5450595771027613,6
1,2,2023,53,0.252477803398385,0.00476373213959217,0.5471698113207547,1.2228736140611918,-0.43598103601479166,7
1,2,2024,43,0.5466780139755367,0.012713442185477599,0.6046511627906976,1.8505457124475015,-0.16723806391060908,3
1,2,2025,29,0.03686276292055277,0.00127112975588113,0.4482758620689655,1.0638443513529492,-0.287511389788827,6
1,2,2026,41,0.49323267534001064,0.012030065252195382,0.6097560975609756,2.095742588266867,-0.15889701555641966,5
1,3,2020,32,0.4291595921247506,0.013411237253898456,0.53125,1.9862881994618868,-0.10951231104075154,3
1,3,2021,26,0.8238744576213427,0.03168747913928241,0.5769230769230769,1.7604121099792334,-0.6450250433356577,3
1,3,2022,17,-0.4155578319886576,-0.024444578352273975,0.5294117647058824,0.3098749070448812,-0.5543595771027613,6
1,3,2023,53,0.18197780339838476,0.0034335434603468824,0.5283018867924528,1.156133369396129,-0.43918103601479175,7
1,3,2024,43,0.4904780139755366,0.011406465441291548,0.6046511627906976,1.7376297419123419,-0.16853806391060908,3
1,3,2025,29,-0.0012372370794472565,-4.266334756714678e-05,0.4482758620689655,0.9979330632496083,-0.2955113897888271,6
1,3,2026,41,0.43893267534001057,0.01070567500829294,0.5853658536585366,1.930074681147736,-0.16929701555641985,5
2,2,2020,72,0.6188196892444614,0.008594717906173076,0.5,1.5817378376674471,-0.2442293264890708,5
2,2,2021,32,0.70813889427834,0.022129340446198124,0.59375,2.2011634975634227,-0.2468355448869083,3
2,2,2022,34,0.4491306902872114,0.013209726184917983,0.7058823529411765,2.42823675243119,-0.08249234985841868,2
2,2,2023,76,0.1514884672022723,0.0019932693052930567,0.4473684210526316,1.160971450634123,-0.29959483469164355,4
2,2,2024,60,0.7348748321681597,0.012247913869469329,0.5666666666666667,2.1678199311652695,-0.10857890254600124,4
2,2,2025,54,-0.0529124286312246,-0.0009798597894671221,0.4444444444444444,0.9335855218600693,-0.23609885354280147,8
2,2,2026,48,0.38597526684733785,0.008041151392652872,0.5625,1.6356616001742146,-0.18647147259765118,4
2,3,2020,72,0.5290196892444612,0.00734749568395085,0.5,1.4773067337223613,-0.2514293264890708,5
2,3,2021,32,0.66793889427834,0.020873090446198124,0.59375,2.1024929623058903,-0.25983554488690797,3
2,3,2022,34,0.40733069028721147,0.011980314420212102,0.7058823529411765,2.2465548584776167,-0.08969234985841856,2
2,3,2023,76,0.05668846720227219,0.0007459008842404236,0.42105263157894735,1.0570217166027849,-0.3293479280162983,5
2,3,2024,60,0.6605748321681598,0.011009580536135996,0.5666666666666667,1.9989477240258007,-0.11217890254600124,4
2,3,2025,54,-0.11991242863122467,-0.0022206005302078642,0.4074074074074074,0.8564623118281444,-0.27849885354280135,8
2,3,2026,48,0.3257752668473378,0.0067869847259862046,0.5625,1.5140012921828145,-0.19687147259765136,4
3,2,2020,30,0.3202717752141127,0.010675725840470423,0.5333333333333333,1.819892163421776,-0.10041231104075138,3
3,2,2021,10,0.05678620709583685,0.005678620709583685,0.6,1.2399149616138911,-0.0939939198794221,2
3,2,2022,12,0.09878913204351769,0.008232427670293141,0.75,1.9998738336211295,-0.053412613070585924,1
3,2,2023,39,0.17584378267213369,0.0045088149403111205,0.5128205128205128,1.3123539042306875,-0.2747235875982413,7
3,2,2024,35,0.32753027094343795,0.009358007741241084,0.6,1.6667147531504318,-0.16723806391060908,3
3,2,2025,23,0.12699098006205806,0.005521346959219915,0.4782608695652174,1.4494633954363534,-0.14755533991267844,6
3,2,2026,33,0.2757302450218437,0.008355461970358899,0.5454545454545454,1.6276093592804288,-0.15889701555641966,5
3,3,2020,30,0.28297177521411254,0.009432392507137085,0.5333333333333333,1.69368288698028,-0.10951231104075154,3
3,3,2021,10,0.04428620709583683,0.004428620709583683,0.6,1.1832332569565085,-0.09659391987942209,2
3,3,2022,12,0.08408913204351766,0.007007427670293138,0.75,1.8203689904171376,-0.05471261307058593,1
3,3,2023,39,0.12774378267213368,0.003275481606977787,0.48717948717948717,1.217376384112255,-0.28382358759824144,7
3,3,2024,35,0.28413027094343796,0.008118007741241084,0.6,1.5585858660040681,-0.16853806391060908,3
3,3,2025,23,0.09849098006205807,0.004282216524437307,0.4782608695652174,1.3312412743443172,-0.15505533991267845,6
3,3,2026,33,0.23423024502184364,0.00709788621278314,0.5454545454545454,1.5111583853351085,-0.16929701555641985,5
