train_end,test_end,threshold,trades,total,mean,win,pf
2022-01,2023-07,1.5,91,-0.12243200367672749,-0.0013454066338101922,0.4945054945054945,0.929278304277055
2022-01,2023-07,1.75,38,0.5901429445026747,0.015530077486912491,0.7105263157894737,2.2320901478068262
2022-07,2024-01,1.5,130,1.1225370329706146,0.008634900253620112,0.49230769230769234,1.5111339891043278
2022-07,2024-01,1.75,62,0.8320898129252798,0.013420803434278707,0.5967741935483871,1.8592039898719666
2023-01,2024-07,1.5,135,2.1923944959703405,0.01623995922940993,0.5259259259259259,2.206351202441297
2023-01,2024-07,1.75,69,1.6470155989704012,0.023869791289426102,0.6521739130434783,3.1531970698077223
2023-07,2025-01,1.5,117,2.191547573442013,0.018731175841384725,0.5641025641025641,2.585378558130203
2023-07,2025-01,1.75,66,0.9191980324437694,0.013927242915814687,0.5757575757575758,1.9301251221085007
2024-01,2025-07,1.5,97,1.0271579077326474,0.010589256780748941,0.5670103092783505,1.747966969391186
2024-01,2025-07,1.75,55,0.7387692513008127,0.013432168205469322,0.6363636363636364,1.841133302069471
2024-07,2026-01,1.5,93,0.046125351830530764,0.0004959715250594706,0.4731182795698925,1.0304015900530503
2024-07,2026-01,1.75,43,0.12103376873059704,0.002814738807688303,0.5116279069767442,1.143363476774214
2025-01,2026-07,1.5,94,-0.3257876269550415,-0.003465825818670654,0.425531914893617,0.8121692615193693
2025-01,2026-07,1.75,45,0.22555208302453147,0.005012268511656255,0.5555555555555556,1.316730365645054
