cost,fold,family,regime,side,trades,total,mean,win,pf,med_slice_mean
1.5,2022-01-01 00:00:00+00:00,VolatilityExpansion,range,1,76,2.0807959148306194,0.027378893616192362,0.5657894736842105,3.0777607157777727,0.038284227180054566
1.5,2022-07-01 00:00:00+00:00,VolatilityExpansion,ALL,1,891,8.930371897952154,0.010022864082999051,0.5443322109988776,1.6758612658723444,0.009830995409797634
1.5,2023-01-01 00:00:00+00:00,VolatilityExpansion,bear,-1,1036,11.234435179404915,0.010844049400969995,0.5328185328185329,1.7392660537214293,0.010414816705484733
1.5,2023-07-01 00:00:00+00:00,VolatilityExpansion,bear,-1,1079,10.71082411928432,0.009926621055870546,0.5171455050973123,1.7024573408387018,0.010414816705484733
1.5,2024-01-01 00:00:00+00:00,VolatilityExpansion,bull,1,1398,4.854942752646226,0.003472777362407887,0.449928469241774,1.4154324211116889,0.0029920541059818067
1.5,2024-07-01 00:00:00+00:00,VolatilityExpansion,bull,1,1492,7.512926148269585,0.005035473289724923,0.4765415549597855,1.6430095480880587,0.005414437878591011
1.5,2025-01-01 00:00:00+00:00,VolatilityExpansion,bull,1,1268,6.53027740039664,0.005150061041322271,0.48580441640378547,1.6706322083933238,0.005414437878591011
1.5,2025-07-01 00:00:00+00:00,VolatilityExpansion,bear,1,243,1.5641779222184164,0.006436946181968792,0.6255144032921811,2.08066594005661,0.005501957588693592
2.0,2022-01-01 00:00:00+00:00,VolatilityExpansion,range,1,76,2.0241459148306205,0.026633498879350268,0.5526315789473685,2.973213063360975,0.03752627263460002
2.0,2022-07-01 00:00:00+00:00,VolatilityExpansion,ALL,1,891,8.294721897952158,0.009309452186253824,0.5364758698092031,1.6141025651134062,0.009088422465500555
2.0,2023-01-01 00:00:00+00:00,VolatilityExpansion,bear,-1,1036,10.540435179404916,0.010174165231085826,0.5231660231660231,1.6788098458185379,0.0097443829155304
2.0,2023-07-01 00:00:00+00:00,VolatilityExpansion,bear,-1,1079,9.982974119284322,0.009252061278298723,0.505097312326228,1.6395972583685177,0.0097443829155304
2.0,2024-01-01 00:00:00+00:00,VolatilityExpansion,bull,1,1398,3.9069927526462234,0.0027947015398041655,0.4356223175965665,1.320034240849737,0.0023119656104065855
2.0,2024-07-01 00:00:00+00:00,VolatilityExpansion,bull,1,1492,6.509976148269588,0.004363254791065407,0.4624664879356568,1.5332931532825864,0.004734420577552949
2.0,2025-01-01 00:00:00+00:00,VolatilityExpansion,bull,1,1268,5.68782740039664,0.004485668296842776,0.47082018927444796,1.5593493579112712,0.004734420577552949
2.0,2025-07-01 00:00:00+00:00,VolatilityExpansion,bear,1,243,1.3995779222184161,0.0057595799268247575,0.6131687242798354,1.9279002940275605,0.00481862425536026
