cost,family,regime,side,trades,total,mean,win,pf,med_slice_mean
1.5,Breakout_VolExp,bull,1,552,1.3059847476997342,0.002365914398006765,0.4746376811594203,1.2090771801466456,0.002021671528753406
1.5,VolatilityExpansion,bull,1,510,2.15749434615824,0.00423038107089851,0.48627450980392156,1.4283605172212959,0.001963595889866404
1.5,Breakout_VolExp,bull,0,721,0.8006384750170892,0.0011104555825479738,0.46740638002773927,1.0989988984673897,0.0018643120930557661
1.5,RangeTrading,bear,-1,773,0.39007550711100464,0.0005046254943221276,0.5071151358344114,1.050708968054298,0.0017547144594986896
2.0,Breakout_VolExp,bull,1,552,0.9284847476997342,0.001682037586412562,0.46557971014492755,1.1440173973493362,0.0013300795747304187
2.0,VolatilityExpansion,bull,1,510,1.8145943461582403,0.00355802812972204,0.4745098039215686,1.3479999957766304,0.0012813527820969809
1.5,VolatilityExpansion,bull,0,654,1.0557010382501326,0.0016142217710246676,0.4709480122324159,1.153857087748936,0.0010653541186518062
2.0,VolatilityExpansion,bull,0,654,0.6174510382501334,0.0009441147373855251,0.45871559633027525,1.0870316621239833,0.0003923783122001931
1.5,Breakout_VolExp,range,1,211,0.3668252876788324,0.0017385084724115278,0.44549763033175355,1.1902682565257159,0.0002592672876549619
1.5,Breakout_VolExp,ALL,1,898,1.1431837625385461,0.0012730331431386928,0.4610244988864143,1.116493002040123,0.0001302944465094989
1.5,Momentum,bull,1,2412,2.312546354035538,0.0009587671451225282,0.453150912106136,1.0885254688890689,8.335050915549949e-05
