time,symbol,family,h,side,gross,cost,net
2024-01-10 12:45:00+00:00,BTCUSDT,MeanReversion,12,1,0.019915307346595412,1.5,0.018715307346595413
2024-01-12 14:30:00+00:00,BTCUSDT,MeanReversion,12,1,-0.03775063002308254,1.5,-0.03895063002308254
2024-01-14 21:15:00+00:00,BTCUSDT,MeanReversion,12,1,-0.0020019546270945154,1.5,-0.0032019546270945155
2024-01-15 14:15:00+00:00,BTCUSDT,MeanReversion,12,1,0.006062491017004623,1.5,0.0048624910170046234
2024-01-16 14:30:00+00:00,BTCUSDT,MeanReversion,12,1,0.02347568360905683,1.5,0.02227568360905683
2024-01-18 16:45:00+00:00,BTCUSDT,MeanReversion,12,1,-0.022398394428170043,1.5,-0.023598394428170043
2024-01-19 14:15:00+00:00,BTCUSDT,MeanReversion,12,1,-0.007944877843240938,1.5,-0.009144877843240938
2024-01-22 01:15:00+00:00,BTCUSDT,MeanReversion,12,1,-0.0069115998149803515,1.5,-0.008111599814980351
2024-01-22 10:15:00+00:00,BTCUSDT,MeanReversion,12,1,0.01779518081241127,1.5,0.01659518081241127
2024-01-22 19:30:00+00:00,BTCUSDT,MeanReversion,12,1,0.005620235883044611,1.5,0.004420235883044611
2024-01-23 09:00:00+00:00,BTCUSDT,MeanReversion,12,1,-0.006949467480121596,1.5,-0.008149467480121596
2024-01-31 09:45:00+00:00,BTCUSDT,MeanReversion,12,1,-0.0005300411368209801,1.5,-0.0017300411368209802
2024-02-04 19:00:00+00:00,BTCUSDT,MeanReversion,12,1,0.0036822046320728052,1.5,0.002482204632072805
2024-02-17 14:30:00+00:00,BTCUSDT,MeanReversion,12,1,0.007850971284614872,1.5,0.006650971284614872
2024-02-26 09:15:00+00:00,BTCUSDT,MeanReversion,12,1,0.0012958946371102176,1.5,9.589463711021746e-05
2024-03-15 03:15:00+00:00,BTCUSDT,MeanReversion,12,1,0.014083755510035934,1.5,0.012883755510035934
2024-03-16 11:15:00+00:00,BTCUSDT,MeanReversion,12,1,-0.0004399478536726287,1.5,-0.0016399478536726288
2024-03-16 18:00:00+00:00,BTCUSDT,MeanReversion,12,1,-0.001264928842165447,1.5,-0.002464928842165447
2024-03-18 00:30:00+00:00,BTCUSDT,MeanReversion,12,1,0.007112822031388744,1.5,0.005912822031388744
2024-03-18 14:30:00+00:00,BTCUSDT,MeanReversion,12,1,0.004444855866926112,1.5,0.0032448558669261117
2024-03-19 01:30:00+00:00,BTCUSDT,MeanReversion,12,1,-0.010602821977197974,1.5,-0.011802821977197973
2024-03-21 15:00:00+00:00,BTCUSDT,MeanReversion,12,1,-0.01623051795421948,1.5,-0.01743051795421948
2024-01-05 01:45:00+00:00,ETHUSDT,MeanReversion,12,1,0.002412157272654314,1.5,0.0010621572726543138
2024-01-13 10:00:00+00:00,ETHUSDT,MeanReversion,12,1,0.008045112781954966,1.5,0.006695112781954966
2024-01-14 11:00:00+00:00,ETHUSDT,MeanReversion,12,1,0.0008706854776754369,1.5,-0.00047931452232456316
2024-01-14 19:45:00+00:00,ETHUSDT,MeanReversion,12,1,0.0030255553512761324,1.5,0.0016755553512761323
2024-01-18 17:00:00+00:00,ETHUSDT,MeanReversion,12,1,-0.009281474678243584,1.5,-0.010631474678243585
2024-01-19 16:15:00+00:00,ETHUSDT,MeanReversion,12,1,0.01872230020338761,1.5,0.01737230020338761
2024-01-21 15:30:00+00:00,ETHUSDT,MeanReversion,12,1,0.0039746272772993585,1.5,0.0026246272772993584
2024-01-21 23:00:00+00:00,ETHUSDT,MeanReversion,12,1,-0.0075633604441947,1.5,-0.0089133604441947
2024-01-22 10:15:00+00:00,ETHUSDT,MeanReversion,12,1,0.0136589246347254,1.5,0.0123089246347254
2024-01-22 19:15:00+00:00,ETHUSDT,MeanReversion,12,1,-0.005306762490332906,1.5,-0.006656762490332906
2024-01-23 08:45:00+00:00,ETHUSDT,MeanReversion,12,1,-0.03292774902890816,1.5,-0.03427774902890816
2024-02-02 13:45:00+00:00,ETHUSDT,MeanReversion,12,1,0.005878502225713511,1.5,0.004528502225713511
2024-02-04 19:00:00+00:00,ETHUSDT,MeanReversion,12,1,0.00952711580631127,1.5,0.00817711580631127
2024-02-17 13:30:00+00:00,ETHUSDT,MeanReversion,12,1,0.0012181552402492635,1.5,-0.0001318447597507366
2024-03-10 22:15:00+00:00,ETHUSDT,MeanReversion,12,1,-0.007812885675163805,1.5,-0.009162885675163806
2024-03-14 13:30:00+00:00,ETHUSDT,MeanReversion,12,1,-0.005600593698882661,1.5,-0.0069505936988826615
2024-03-15 03:15:00+00:00,ETHUSDT,MeanReversion,12,1,0.019444482284188602,1.5,0.018094482284188602
2024-03-16 11:15:00+00:00,ETHUSDT,MeanReversion,12,1,-0.004710136049420943,1.5,-0.006060136049420944
2024-03-17 06:45:00+00:00,ETHUSDT,MeanReversion,12,1,0.03282780640011618,1.5,0.03147780640011618
2024-03-18 00:45:00+00:00,ETHUSDT,MeanReversion,12,1,0.006344844534553085,1.5,0.004994844534553084
2024-03-19 01:00:00+00:00,ETHUSDT,MeanReversion,12,1,-0.003907729786750358,1.5,-0.0052577297867503585
2024-03-21 18:00:00+00:00,ETHUSDT,MeanReversion,12,1,0.012169943003373263,1.5,0.010819943003373262
2024-03-23 23:45:00+00:00,ETHUSDT,MeanReversion,12,1,0.004521219108004848,1.5,0.003171219108004848
2024-03-24 17:00:00+00:00,ETHUSDT,MeanReversion,12,1,0.017652197848226914,1.5,0.016302197848226913
2024-03-29 15:30:00+00:00,ETHUSDT,MeanReversion,12,1,-0.0005492163655035354,1.5,-0.0018992163655035354
2024-01-03 11:00:00+00:00,SOLUSDT,MeanReversion,12,1,-0.07774684290044565,1.5,-0.07954684290044564
2024-01-06 05:15:00+00:00,SOLUSDT,MeanReversion,12,1,-0.012948290241868277,1.5,-0.014748290241868276
2024-01-07 22:15:00+00:00,SOLUSDT,MeanReversion,12,1,-0.0038115229519969374,1.5,-0.005611522951996937
2024-01-09 12:45:00+00:00,SOLUSDT,MeanReversion,12,1,0.013104869408098407,1.5,0.011304869408098408
2024-01-10 12:45:00+00:00,SOLUSDT,MeanReversion,12,1,0.012874206713818559,1.5,0.01107420671381856
2024-01-12 15:15:00+00:00,SOLUSDT,MeanReversion,12,1,-0.015680809332094592,1.5,-0.01748080933209459
2024-01-12 22:15:00+00:00,SOLUSDT,MeanReversion,12,1,0.03571672316127117,1.5,0.033916723161271166
2024-01-15 14:45:00+00:00,SOLUSDT,MeanReversion,12,1,0.0169786538810639,1.5,0.0151786538810639
2024-01-16 14:30:00+00:00,SOLUSDT,MeanReversion,12,1,0.026551767997964992,1.5,0.024751767997964993
2024-01-18 17:00:00+00:00,SOLUSDT,MeanReversion,12,1,-0.01607638925564847,1.5,-0.01787638925564847
2024-01-19 14:15:00+00:00,SOLUSDT,MeanReversion,12,1,-0.035140573051721025,1.5,-0.03694057305172103
2024-01-21 23:00:00+00:00,SOLUSDT,MeanReversion,12,1,-0.011200368231284341,1.5,-0.01300036823128434
2024-01-22 10:15:00+00:00,SOLUSDT,MeanReversion,12,1,0.036526030444150814,1.5,0.03472603044415081
2024-01-23 08:00:00+00:00,SOLUSDT,MeanReversion,12,1,-0.023480242235192406,1.5,-0.025280242235192405
2024-01-31 10:30:00+00:00,SOLUSDT,MeanReversion,12,1,0.01256761703339171,1.5,0.01076761703339171
2024-02-05 15:45:00+00:00,SOLUSDT,MeanReversion,12,1,0.0033488566793993257,1.5,0.0015488566793993258
2024-02-06 10:30:00+00:00,SOLUSDT,MeanReversion,12,1,0.0030609741790297296,1.5,0.0012609741790297296
2024-02-07 03:45:00+00:00,SOLUSDT,MeanReversion,12,1,0.004357161560618161,1.5,0.0025571615606181613
2024-02-12 02:30:00+00:00,SOLUSDT,MeanReversion,12,1,0.0008517726334915654,1.5,-0.0009482273665084346
2024-02-16 15:00:00+00:00,SOLUSDT,MeanReversion,12,1,4.607360719477427e-05,1.5,-0.0017539263928052257
2024-02-17 13:15:00+00:00,SOLUSDT,MeanReversion,12,1,-0.004515786631409391,1.5,-0.00631578663140939
2024-02-20 15:15:00+00:00,SOLUSDT,MeanReversion,12,1,0.00825178423394668,1.5,0.00645178423394668
2024-02-21 18:15:00+00:00,SOLUSDT,MeanReversion,12,1,0.025117113525366275,1.5,0.023317113525366275
2024-02-22 22:15:00+00:00,SOLUSDT,MeanReversion,12,1,0.0014945638901642244,1.5,-0.00030543610983577553
2024-02-23 16:00:00+00:00,SOLUSDT,MeanReversion,12,1,0.023881502451847725,1.5,0.022081502451847725
2024-02-26 09:30:00+00:00,SOLUSDT,MeanReversion,12,1,-0.0008171060662741647,1.5,-0.0026171060662741647
2024-03-10 22:30:00+00:00,SOLUSDT,MeanReversion,12,1,-0.019875555555555424,1.5,-0.021675555555555424
2024-03-22 01:45:00+00:00,SOLUSDT,MeanReversion,12,1,0.0268195065531438,1.5,0.025019506553143802
2024-04-01 15:00:00+00:00,BTCUSDT,MeanReversion,12,1,0.0005735225227987417,1.5,-0.0006264774772012584
2024-04-02 02:15:00+00:00,BTCUSDT,MeanReversion,12,1,-0.029549738433932604,1.5,-0.030749738433932604
2024-04-02 11:15:00+00:00,BTCUSDT,MeanReversion,12,1,0.009769107743591965,1.5,0.008569107743591965
2024-04-05 05:15:00+00:00,BTCUSDT,MeanReversion,12,1,0.011053883557760713,1.5,0.009853883557760713
2024-04-09 15:00:00+00:00,BTCUSDT,MeanReversion,12,1,-0.0010533417484602792,1.5,-0.0022533417484602793
2024-04-10 12:30:00+00:00,BTCUSDT,MeanReversion,12,1,0.007666508356847013,1.5,0.006466508356847013
2024-04-13 17:15:00+00:00,BTCUSDT,MeanReversion,12,1,-0.07067210263686452,1.5,-0.07187210263686453
2024-04-14 17:15:00+00:00,BTCUSDT,MeanReversion,12,1,0.01599683042789235,1.5,0.01479683042789235
2024-04-15 14:00:00+00:00,BTCUSDT,MeanReversion,12,1,-0.010836471282967608,1.5,-0.012036471282967608
2024-04-16 04:30:00+00:00,BTCUSDT,MeanReversion,12,1,0.02016437755580669,1.5,0.01896437755580669
2024-04-19 01:00:00+00:00,BTCUSDT,MeanReversion,12,1,0.002147629397086126,1.5,0.0009476293970861259
2024-04-21 16:00:00+00:00,BTCUSDT,MeanReversion,12,1,0.0030828110025959976,1.5,0.0018828110025959975
2024-04-25 10:15:00+00:00,BTCUSDT,MeanReversion,12,1,-0.0038312424419677527,1.5,-0.005031242441967752
2024-04-26 13:15:00+00:00,BTCUSDT,MeanReversion,12,1,-0.0018010815894662358,1.5,-0.003001081589466236
2024-04-27 00:30:00+00:00,BTCUSDT,MeanReversion,12,1,0.0015322689489269958,1.5,0.0003322689489269957
2024-04-28 22:30:00+00:00,BTCUSDT,MeanReversion,12,1,-0.00018826760578982693,1.5,-0.001388267605789827
2024-04-30 08:45:00+00:00,BTCUSDT,MeanReversion,12,1,-0.011674339714077941,1.5,-0.012874339714077941
2024-05-01 07:00:00+00:00,BTCUSDT,MeanReversion,12,1,-0.02617733907604769,1.5,-0.02737733907604769
2024-05-10 14:00:00+00:00,BTCUSDT,MeanReversion,12,1,-0.029396855145768952,1.5,-0.03059685514576895
2024-05-11 11:00:00+00:00,BTCUSDT,MeanReversion,12,1,0.006523549551216812,1.5,0.005323549551216812
2024-05-23 13:30:00+00:00,BTCUSDT,MeanReversion,12,1,-0.009830495172680531,1.5,-0.011030495172680531
2024-05-24 05:30:00+00:00,BTCUSDT,MeanReversion,12,1,-0.0020268381325133644,1.5,-0.0032268381325133645
2024-05-29 16:00:00+00:00,BTCUSDT,MeanReversion,12,1,0.004835687732341887,1.5,0.0036356877323418866
2024-05-30 08:00:00+00:00,BTCUSDT,MeanReversion,12,1,0.011515349833412625,1.5,0.010315349833412625
2024-06-02 09:15:00+00:00,BTCUSDT,MeanReversion,12,1,0.0075436373020369984,1.5,0.006343637302036999
2024-06-11 01:45:00+00:00,BTCUSDT,MeanReversion,12,1,-0.010203458178041136,1.5,-0.011403458178041136
2024-06-11 15:30:00+00:00,BTCUSDT,MeanReversion,12,1,0.016423346623669843,1.5,0.015223346623669844
2024-06-13 15:30:00+00:00,BTCUSDT,MeanReversion,12,1,0.0034967134796879407,1.5,0.0022967134796879406
2024-06-14 15:45:00+00:00,BTCUSDT,MeanReversion,12,1,-0.013095811991563733,1.5,-0.014295811991563732
2024-06-15 20:15:00+00:00,BTCUSDT,MeanReversion,12,1,0.004104684615314769,1.5,0.0029046846153147686
2024-06-17 09:45:00+00:00,BTCUSDT,MeanReversion,12,1,-0.0013440635165147263,1.5,-0.0025440635165147264
2024-06-18 01:30:00+00:00,BTCUSDT,MeanReversion,12,1,0.01663325877827737,1.5,0.015433258778277371
2024-06-21 07:45:00+00:00,BTCUSDT,MeanReversion,12,1,-0.004822412140948473,1.5,-0.006022412140948473
2024-06-23 16:45:00+00:00,BTCUSDT,MeanReversion,12,1,0.0035774591902046904,1.5,0.0023774591902046903
2024-06-24 09:30:00+00:00,BTCUSDT,MeanReversion,12,1,0.0009352376584661481,1.5,-0.00026476234153385196
2024-06-28 14:30:00+00:00,BTCUSDT,MeanReversion,12,1,0.00021518305343115607,1.5,-0.000984816946568844
2024-04-01 15:00:00+00:00,ETHUSDT,MeanReversion,12,1,-0.011779923714262619,1.5,-0.01312992371426262
2024-04-02 02:30:00+00:00,ETHUSDT,MeanReversion,12,1,0.0021468569418023886,1.5,0.0007968569418023885
2024-04-02 11:15:00+00:00,ETHUSDT,MeanReversion,12,1,0.006190396519993202,1.5,0.0048403965199932016
2024-04-04 02:15:00+00:00,ETHUSDT,MeanReversion,12,1,0.0034609679723123232,1.5,0.002110967972312323
2024-04-04 20:00:00+00:00,ETHUSDT,MeanReversion,12,1,0.007996562960452813,1.5,0.006646562960452813
2024-04-10 12:30:00+00:00,ETHUSDT,MeanReversion,12,1,0.008064188385014104,1.5,0.006714188385014103
2024-04-12 13:30:00+00:00,ETHUSDT,MeanReversion,12,1,-0.009107499732472712,1.5,-0.010457499732472713
2024-04-12 17:15:00+00:00,ETHUSDT,MeanReversion,12,1,-0.021489237297841468,1.5,-0.02283923729784147
2024-04-13 17:00:00+00:00,ETHUSDT,MeanReversion,12,1,-0.09075600598044287,1.5,-0.09210600598044287
2024-04-13 20:15:00+00:00,ETHUSDT,MeanReversion,12,1,0.033573838177039406,1.5,0.03222383817703941
2024-04-15 14:00:00+00:00,ETHUSDT,MeanReversion,12,1,-0.005359056806002127,1.5,-0.006709056806002128
2024-04-17 14:15:00+00:00,ETHUSDT,MeanReversion,12,1,0.0024866581871285653,1.5,0.0011366581871285653
2024-04-19 01:00:00+00:00,ETHUSDT,MeanReversion,12,1,-0.004842888460771966,1.5,-0.006192888460771966
2024-04-21 16:30:00+00:00,ETHUSDT,MeanReversion,12,1,0.008401666890711201,1.5,0.007051666890711201
2024-04-25 10:00:00+00:00,ETHUSDT,MeanReversion,12,1,-0.002061404073849693,1.5,-0.003411404073849693
2024-04-27 00:30:00+00:00,ETHUSDT,MeanReversion,12,1,0.010875970548428704,1.5,0.009525970548428703
2024-04-29 13:30:00+00:00,ETHUSDT,MeanReversion,12,1,0.01439793930695088,1.5,0.01304793930695088
2024-04-30 08:30:00+00:00,ETHUSDT,MeanReversion,12,1,-0.02739084517277124,1.5,-0.02874084517277124
2024-05-01 07:00:00+00:00,ETHUSDT,MeanReversion,12,1,-0.010865517241379408,1.5,-0.012215517241379408
2024-05-07 03:15:00+00:00,ETHUSDT,MeanReversion,12,1,0.008893280632411127,1.5,0.007543280632411126
2024-05-08 20:15:00+00:00,ETHUSDT,MeanReversion,12,1,0.00431849949064711,1.5,0.0029684994906471096
2024-05-10 14:15:00+00:00,ETHUSDT,MeanReversion,12,1,-0.0298823537295978,1.5,-0.0312323537295978
2024-05-13 01:30:00+00:00,ETHUSDT,MeanReversion,12,1,-0.010710640885990275,1.5,-0.012060640885990275
2024-05-14 06:00:00+00:00,ETHUSDT,MeanReversion,12,1,0.005785052693309423,1.5,0.004435052693309422
2024-05-29 08:00:00+00:00,ETHUSDT,MeanReversion,12,1,0.0070542882647082195,1.5,0.005704288264708219
2024-05-30 06:45:00+00:00,ETHUSDT,MeanReversion,12,1,-0.0015654469003617555,1.5,-0.0029154469003617556
2024-06-04 00:15:00+00:00,ETHUSDT,MeanReversion,12,1,0.0067607180165008,1.5,0.005410718016500799
2024-06-07 17:45:00+00:00,ETHUSDT,MeanReversion,12,1,-0.008632815435989483,1.5,-0.009982815435989483
2024-06-10 07:45:00+00:00,ETHUSDT,MeanReversion,12,1,0.008199147200999679,1.5,0.006849147200999679
2024-06-11 01:45:00+00:00,ETHUSDT,MeanReversion,12,1,-0.016879207396748197,1.5,-0.018229207396748198
2024-06-11 15:30:00+00:00,ETHUSDT,MeanReversion,12,1,0.01443172015997174,1.5,0.013081720159971739
2024-06-13 15:30:00+00:00,ETHUSDT,MeanReversion,12,1,0.006974099517266907,1.5,0.005624099517266907
2024-06-14 14:00:00+00:00,ETHUSDT,MeanReversion,12,1,-0.02679736691471102,1.5,-0.02814736691471102
2024-06-18 01:30:00+00:00,ETHUSDT,MeanReversion,12,1,0.021865159419259372,1.5,0.020515159419259372
2024-06-20 13:15:00+00:00,ETHUSDT,MeanReversion,12,1,-0.010892846560428437,1.5,-0.012242846560428438
2024-06-21 07:45:00+00:00,ETHUSDT,MeanReversion,12,1,0.006238592329439241,1.5,0.00488859232943924
2024-06-22 08:00:00+00:00,ETHUSDT,MeanReversion,12,1,0.002571409712237349,1.5,0.001221409712237349
2024-06-23 20:30:00+00:00,ETHUSDT,MeanReversion,12,1,-0.003170163170163165,1.5,-0.0045201631701631655
2024-06-24 05:15:00+00:00,ETHUSDT,MeanReversion,12,1,0.0020806373101900366,1.5,0.0007306373101900365
2024-06-24 09:30:00+00:00,ETHUSDT,MeanReversion,12,1,0.011239556400777895,1.5,0.009889556400777894
2024-06-26 15:00:00+00:00,ETHUSDT,MeanReversion,12,1,0.0020772150992049987,1.5,0.0007272150992049986
2024-06-30 02:15:00+00:00,ETHUSDT,MeanReversion,12,1,-0.0012626000053475028,1.5,-0.002612600005347503
2024-04-01 15:00:00+00:00,SOLUSDT,MeanReversion,12,1,-0.00486886831852229,1.5,-0.00666886831852229
2024-04-02 02:30:00+00:00,SOLUSDT,MeanReversion,12,1,-0.0030041286397219924,1.5,-0.004804128639721992
2024-04-02 11:15:00+00:00,SOLUSDT,MeanReversion,12,1,0.016571977679248784,1.5,0.014771977679248784
2024-04-04 20:00:00+00:00,SOLUSDT,MeanReversion,12,1,-0.0018388672141433915,1.5,-0.0036388672141433914
2024-04-09 14:30:00+00:00,SOLUSDT,MeanReversion,12,1,0.03170086074410827,1.5,0.029900860744108273
2024-04-10 12:30:00+00:00,SOLUSDT,MeanReversion,12,1,0.016987803472765517,1.5,0.015187803472765517
2024-04-12 18:30:00+00:00,SOLUSDT,MeanReversion,12,1,-0.013787695625183671,1.5,-0.01558769562518367
2024-04-13 15:00:00+00:00,SOLUSDT,MeanReversion,12,1,-0.05723944268984982,1.5,-0.05903944268984982
2024-04-13 20:00:00+00:00,SOLUSDT,MeanReversion,12,1,0.107051504721003,1.5,0.105251504721003
2024-04-17 12:00:00+00:00,SOLUSDT,MeanReversion,12,1,-0.02595810297491441,1.5,-0.02775810297491441
2024-04-19 01:30:00+00:00,SOLUSDT,MeanReversion,12,1,0.05502682387173041,1.5,0.05322682387173041
2024-04-19 23:00:00+00:00,SOLUSDT,MeanReversion,12,1,0.0038055626290918187,1.5,0.002005562629091819
2024-04-26 22:15:00+00:00,SOLUSDT,MeanReversion,12,1,-0.03763045295121903,1.5,-0.03943045295121903
2024-04-30 08:45:00+00:00,SOLUSDT,MeanReversion,12,1,-0.016239348897634787,1.5,-0.018039348897634786
2024-05-01 07:00:00+00:00,SOLUSDT,MeanReversion,12,1,-0.002795138602595615,1.5,-0.004595138602595614
2024-05-12 21:15:00+00:00,SOLUSDT,MeanReversion,12,1,0.013584226389819154,1.5,0.011784226389819154
2024-05-13 03:00:00+00:00,SOLUSDT,MeanReversion,12,1,0.007334397965156114,1.5,0.005534397965156115
2024-05-14 14:00:00+00:00,SOLUSDT,MeanReversion,12,1,-0.005490064933255323,1.5,-0.007290064933255323
2024-05-22 04:30:00+00:00,SOLUSDT,MeanReversion,12,1,0.02635429417290558,1.5,0.02455429417290558
2024-05-23 10:45:00+00:00,SOLUSDT,MeanReversion,12,1,-0.013947306340155508,1.5,-0.015747306340155507
2024-05-26 02:30:00+00:00,SOLUSDT,MeanReversion,12,1,0.006311458049680807,1.5,0.0045114580496808075
2024-05-28 02:00:00+00:00,SOLUSDT,MeanReversion,12,1,-0.00615243232921181,1.5,-0.00795243232921181
2024-06-01 23:15:00+00:00,SOLUSDT,MeanReversion,12,1,0.0010766917293232314,1.5,-0.0007233082706767685
2024-06-02 17:45:00+00:00,SOLUSDT,MeanReversion,12,1,0.005765215302458104,1.5,0.003965215302458105
2024-06-07 17:00:00+00:00,SOLUSDT,MeanReversion,12,1,-0.039070504419928986,1.5,-0.04087050441992899
2024-06-08 22:15:00+00:00,SOLUSDT,MeanReversion,12,1,0.006302053885101966,1.5,0.004502053885101966
2024-06-10 03:45:00+00:00,SOLUSDT,MeanReversion,12,1,-0.0036595893753049724,1.5,-0.005459589375304972
2024-06-11 13:30:00+00:00,SOLUSDT,MeanReversion,12,1,-0.02170747936307149,1.5,-0.02350747936307149
2024-06-12 01:30:00+00:00,SOLUSDT,MeanReversion,12,1,0.041144079709797055,1.5,0.03934407970979705
2024-06-13 15:30:00+00:00,SOLUSDT,MeanReversion,12,1,0.01176542889529264,1.5,0.00996542889529264
2024-06-14 14:00:00+00:00,SOLUSDT,MeanReversion,12,1,-0.03823591532502568,1.5,-0.040035915325025685
2024-06-17 10:15:00+00:00,SOLUSDT,MeanReversion,12,1,0.0073612485351186585,1.5,0.005561248535118659
2024-06-18 01:15:00+00:00,SOLUSDT,MeanReversion,12,1,-0.0074756732456456865,1.5,-0.009275673245645686
2024-06-22 23:30:00+00:00,SOLUSDT,MeanReversion,12,1,0.00667296474575263,1.5,0.00487296474575263
2024-06-23 10:45:00+00:00,SOLUSDT,MeanReversion,12,1,-0.002182345423427323,1.5,-0.003982345423427323
2024-06-23 14:00:00+00:00,SOLUSDT,MeanReversion,12,1,-0.014348877322748033,1.5,-0.016148877322748032
2024-06-29 20:30:00+00:00,SOLUSDT,MeanReversion,12,1,-0.004705565058162886,1.5,-0.006505565058162886
2025-04-03 12:15:00+00:00,BTCUSDT,MeanReversion,4,1,-0.006911133055062413,1.5,-0.008111133055062413
2025-04-05 13:15:00+00:00,BTCUSDT,MeanReversion,4,1,0.0006088191807034349,1.5,-0.0005911808192965652
2025-04-06 17:30:00+00:00,BTCUSDT,MeanReversion,4,1,-0.024132244452914065,1.5,-0.025332244452914064
2025-04-09 01:00:00+00:00,BTCUSDT,MeanReversion,4,1,0.012003985386914717,1.5,0.010803985386914718
2025-04-10 13:30:00+00:00,BTCUSDT,MeanReversion,4,1,0.009023891426437558,1.5,0.007823891426437558
2025-04-10 15:15:00+00:00,BTCUSDT,MeanReversion,4,1,-0.017259330100586,1.5,-0.018459330100586
2025-05-04 22:30:00+00:00,BTCUSDT,MeanReversion,4,1,-0.007525044817041082,1.5,-0.008725044817041082
2025-05-24 22:15:00+00:00,BTCUSDT,MeanReversion,4,1,-0.004641038619083604,1.5,-0.005841038619083604
2025-05-28 13:45:00+00:00,BTCUSDT,MeanReversion,4,1,-0.0049587358371430135,1.5,-0.006158735837143013
2025-05-28 15:00:00+00:00,BTCUSDT,MeanReversion,4,1,0.0013193240355069413,1.5,0.00011932403550694122
2025-05-30 00:45:00+00:00,BTCUSDT,MeanReversion,4,1,0.006876992959995443,1.5,0.005676992959995443
2025-05-30 16:30:00+00:00,BTCUSDT,MeanReversion,4,1,-0.002897720249257496,1.5,-0.004097720249257496
2025-06-01 02:00:00+00:00,BTCUSDT,MeanReversion,4,1,0.0012464519432617838,1.5,4.6451943261783656e-05
2025-06-08 09:15:00+00:00,BTCUSDT,MeanReversion,4,1,-0.0010366242189654429,1.5,-0.002236624218965443
2025-06-14 16:45:00+00:00,BTCUSDT,MeanReversion,4,1,0.0014837065268720195,1.5,0.0002837065268720194
2025-06-15 20:30:00+00:00,BTCUSDT,MeanReversion,4,1,-0.0002379341581718597,1.5,-0.0014379341581718598
2025-06-19 13:45:00+00:00,BTCUSDT,MeanReversion,4,1,-0.0012816577129701745,1.5,-0.0024816577129701746
2025-06-20 14:45:00+00:00,BTCUSDT,MeanReversion,4,1,0.0028486819430724175,1.5,0.0016486819430724174
2025-06-21 18:45:00+00:00,BTCUSDT,MeanReversion,4,1,-0.004028419162178443,1.5,-0.005228419162178442
2025-06-22 13:15:00+00:00,BTCUSDT,MeanReversion,4,1,-0.015033559704595412,1.5,-0.01623355970459541
2025-06-22 14:30:00+00:00,BTCUSDT,MeanReversion,4,1,0.0012561381772173696,1.5,5.613817721736953e-05
2025-06-23 16:15:00+00:00,BTCUSDT,MeanReversion,4,1,0.01786795790633189,1.5,0.01666795790633189
2025-06-30 15:00:00+00:00,BTCUSDT,MeanReversion,4,1,0.008752749573224916,1.5,0.007552749573224916
2025-04-02 22:30:00+00:00,ETHUSDT,MeanReversion,4,1,0.0038344284862368294,1.5,0.0024844284862368293
2025-04-06 08:15:00+00:00,ETHUSDT,MeanReversion,4,1,0.004766572380765721,1.5,0.003416572380765721
2025-04-06 13:45:00+00:00,ETHUSDT,MeanReversion,4,1,0.012291423470438767,1.5,0.010941423470438767
2025-04-06 17:15:00+00:00,ETHUSDT,MeanReversion,4,1,-0.043981917498587264,1.5,-0.04533191749858726
2025-04-07 06:30:00+00:00,ETHUSDT,MeanReversion,4,1,-0.0011715264581076967,1.5,-0.002521526458107697
2025-04-08 14:45:00+00:00,ETHUSDT,MeanReversion,4,1,0.0002679143196937517,1.5,-0.0010820856803062484
2025-04-09 01:00:00+00:00,ETHUSDT,MeanReversion,4,1,0.016197316595404132,1.5,0.014847316595404132
2025-04-10 15:00:00+00:00,ETHUSDT,MeanReversion,4,1,-0.028758796770305572,1.5,-0.030108796770305573
2025-04-13 01:45:00+00:00,ETHUSDT,MeanReversion,4,1,0.005116814334504838,1.5,0.0037668143345048377
2025-04-13 13:45:00+00:00,ETHUSDT,MeanReversion,4,1,0.007461263711819877,1.5,0.006111263711819876
2025-04-16 05:15:00+00:00,ETHUSDT,MeanReversion,4,1,0.0038258625755271947,1.5,0.0024758625755271946
2025-04-16 17:45:00+00:00,ETHUSDT,MeanReversion,4,1,0.013307184973754493,1.5,0.011957184973754493
2025-04-17 14:15:00+00:00,ETHUSDT,MeanReversion,4,1,0.0016183386325989702,1.5,0.0002683386325989701
2025-04-20 07:15:00+00:00,ETHUSDT,MeanReversion,4,1,0.00028248587570622874,1.5,-0.0010675141242937713
2025-04-22 00:30:00+00:00,ETHUSDT,MeanReversion,4,1,0.015439041741170278,1.5,0.014089041741170278
2025-04-30 12:30:00+00:00,ETHUSDT,MeanReversion,4,1,-0.010892081147411692,1.5,-0.012242081147411692
2025-04-30 13:45:00+00:00,ETHUSDT,MeanReversion,4,1,0.010332501982599052,1.5,0.008982501982599051
2025-05-06 11:30:00+00:00,ETHUSDT,MeanReversion,4,1,0.000124000248000522,1.5,-0.001225999751999478
2025-05-15 14:30:00+00:00,ETHUSDT,MeanReversion,4,1,0.021103361931284814,1.5,0.019753361931284814
2025-05-17 00:15:00+00:00,ETHUSDT,MeanReversion,4,1,-0.0017045045333419218,1.5,-0.003054504533341922
2025-05-24 21:15:00+00:00,ETHUSDT,MeanReversion,4,1,-0.0015699082510907125,1.5,-0.0029199082510907126
2025-05-25 00:30:00+00:00,ETHUSDT,MeanReversion,4,1,0.003138540718857996,1.5,0.001788540718857996
2025-05-30 00:45:00+00:00,ETHUSDT,MeanReversion,4,1,0.00969194165396714,1.5,0.00834194165396714
2025-05-30 16:30:00+00:00,ETHUSDT,MeanReversion,4,1,-0.002147991941110483,1.5,-0.003497991941110483
2025-06-01 00:00:00+00:00,ETHUSDT,MeanReversion,4,1,0.002988427285571582,1.5,0.001638427285571582
2025-06-01 02:00:00+00:00,ETHUSDT,MeanReversion,4,1,0.0017467248908298316,1.5,0.00039672489082983155
2025-06-02 03:00:00+00:00,ETHUSDT,MeanReversion,4,1,0.002315019138026564,1.5,0.0009650191380265638
2025-06-05 20:15:00+00:00,ETHUSDT,MeanReversion,4,1,-0.021885528694674306,1.5,-0.023235528694674306
2025-06-08 09:15:00+00:00,ETHUSDT,MeanReversion,4,1,-0.002465390480230978,1.5,-0.003815390480230978
2025-06-12 20:30:00+00:00,ETHUSDT,MeanReversion,4,1,-0.002332075471698003,1.5,-0.003682075471698003
2025-06-14 15:30:00+00:00,ETHUSDT,MeanReversion,4,1,-0.0012386835701171384,1.5,-0.0025886835701171384
2025-06-14 16:45:00+00:00,ETHUSDT,MeanReversion,4,1,0.005624008588229534,1.5,0.004274008588229534
2025-06-15 20:30:00+00:00,ETHUSDT,MeanReversion,4,1,0.006459093079141942,1.5,0.005109093079141942
2025-06-16 22:30:00+00:00,ETHUSDT,MeanReversion,4,1,0.005682352204016583,1.5,0.0043323522040165825
2025-06-17 15:15:00+00:00,ETHUSDT,MeanReversion,4,1,-0.003907721657996244,1.5,-0.005257721657996244
2025-06-18 10:45:00+00:00,ETHUSDT,MeanReversion,4,1,0.007494286057981414,1.5,0.006144286057981414
2025-06-20 14:45:00+00:00,ETHUSDT,MeanReversion,4,1,0.0014947322741629687,1.5,0.00014473227416296865
2025-06-20 17:15:00+00:00,ETHUSDT,MeanReversion,4,1,0.0005173305742369738,1.5,-0.0008326694257630263
2025-06-21 21:15:00+00:00,ETHUSDT,MeanReversion,4,1,-0.01570772428303835,1.5,-0.01705772428303835
2025-06-22 13:15:00+00:00,ETHUSDT,MeanReversion,4,1,-0.011381447056679428,1.5,-0.012731447056679428
2025-04-02 02:00:00+00:00,SOLUSDT,MeanReversion,4,1,0.006518065502534753,1.5,0.004718065502534754
2025-04-06 12:45:00+00:00,SOLUSDT,MeanReversion,4,1,-0.014951022512459167,1.5,-0.016751022512459166
2025-04-09 01:00:00+00:00,SOLUSDT,MeanReversion,4,1,0.023800234100663342,1.5,0.022000234100663343
2025-04-10 15:30:00+00:00,SOLUSDT,MeanReversion,4,1,-0.0056430326749795645,1.5,-0.007443032674979564
2025-04-27 01:45:00+00:00,SOLUSDT,MeanReversion,4,1,0.005127854505674767,1.5,0.003327854505674767
2025-04-28 01:30:00+00:00,SOLUSDT,MeanReversion,4,1,0.0060049696300386035,1.5,0.004204969630038604
2025-04-29 05:00:00+00:00,SOLUSDT,MeanReversion,4,1,0.009270704573547617,1.5,0.007470704573547617
2025-04-30 12:30:00+00:00,SOLUSDT,MeanReversion,4,1,-0.026753782668500814,1.5,-0.028553782668500814
2025-04-30 13:45:00+00:00,SOLUSDT,MeanReversion,4,1,0.008532423208191142,1.5,0.006732423208191143
2025-05-04 22:30:00+00:00,SOLUSDT,MeanReversion,4,1,-0.010062026188835338,1.5,-0.011862026188835337
2025-05-17 16:30:00+00:00,SOLUSDT,MeanReversion,4,1,0.007147616451632421,1.5,0.005347616451632422
2025-05-25 00:30:00+00:00,SOLUSDT,MeanReversion,4,1,-0.00622801453203381,1.5,-0.00802801453203381
2025-05-25 15:15:00+00:00,SOLUSDT,MeanReversion,4,1,-0.0015933903806431005,1.5,-0.0033933903806431004
2025-05-27 01:00:00+00:00,SOLUSDT,MeanReversion,4,1,-0.0026062782346808477,1.5,-0.004406278234680847
2025-05-28 14:00:00+00:00,SOLUSDT,MeanReversion,4,1,-0.017908017908017992,1.5,-0.019708017908017992
2025-05-29 13:30:00+00:00,SOLUSDT,MeanReversion,4,1,-0.005155847199437513,1.5,-0.006955847199437513
2025-05-30 00:45:00+00:00,SOLUSDT,MeanReversion,4,1,0.0097675568743818,1.5,0.0079675568743818
2025-05-30 16:30:00+00:00,SOLUSDT,MeanReversion,4,1,0.0038022813688212143,1.5,0.0020022813688212143
2025-06-01 09:15:00+00:00,SOLUSDT,MeanReversion,4,1,-0.0027675276752766598,1.5,-0.004567527675276659
2025-06-03 20:15:00+00:00,SOLUSDT,MeanReversion,4,1,-0.003945024179180523,1.5,-0.0057450241791805225
2025-06-08 09:15:00+00:00,SOLUSDT,MeanReversion,4,1,0.0018237082066867583,1.5,2.370820668675831e-05
2025-06-12 19:45:00+00:00,SOLUSDT,MeanReversion,4,1,-0.010275300504071327,1.5,-0.012075300504071327
2025-06-14 15:30:00+00:00,SOLUSDT,MeanReversion,4,1,-0.0013200861529910624,1.5,-0.0031200861529910623
2025-06-20 14:45:00+00:00,SOLUSDT,MeanReversion,4,1,-0.007991105552081157,1.5,-0.009791105552081156
2025-06-21 21:30:00+00:00,SOLUSDT,MeanReversion,4,1,-0.002241314904743996,1.5,-0.004041314904743996
2025-06-22 09:45:00+00:00,SOLUSDT,MeanReversion,4,1,0.006653561167397459,1.5,0.00485356116739746
2025-06-22 13:15:00+00:00,SOLUSDT,MeanReversion,4,1,-0.005006649456309131,1.5,-0.006806649456309131
2025-07-04 13:30:00+00:00,BTCUSDT,MeanReversion,4,1,-0.003744298391779477,1.5,-0.004944298391779477
2025-07-23 13:45:00+00:00,BTCUSDT,MeanReversion,4,1,0.0071017848635592795,1.5,0.00590178486355928
2025-07-30 18:45:00+00:00,BTCUSDT,MeanReversion,4,1,0.003333708228842047,1.5,0.002133708228842047
2025-08-05 14:30:00+00:00,BTCUSDT,MeanReversion,4,1,-2.5724476662158935e-05,1.5,-0.001225724476662159
2025-08-15 13:30:00+00:00,BTCUSDT,MeanReversion,4,1,-0.0022421980831537347,1.5,-0.003442198083153735
2025-08-16 21:30:00+00:00,BTCUSDT,MeanReversion,4,1,8.600136239778067e-05,1.5,-0.0011139986376022194
2025-08-17 16:45:00+00:00,BTCUSDT,MeanReversion,4,1,0.0006096401255282213,1.5,-0.0005903598744717788
2025-08-18 00:15:00+00:00,BTCUSDT,MeanReversion,4,1,-0.0042826863331494325,1.5,-0.005482686333149432
2025-08-18 01:30:00+00:00,BTCUSDT,MeanReversion,4,1,-0.004497916040046346,1.5,-0.0056979160400463455
2025-08-19 14:15:00+00:00,BTCUSDT,MeanReversion,4,1,-0.0004970052584383211,1.5,-0.0016970052584383212
2025-08-20 11:30:00+00:00,BTCUSDT,MeanReversion,4,1,0.005924565424331618,1.5,0.0047245654243316185
2025-08-20 13:45:00+00:00,BTCUSDT,MeanReversion,4,1,0.00693137960823087,1.5,0.00573137960823087
2025-08-22 11:00:00+00:00,BTCUSDT,MeanReversion,4,1,-0.00208435027060927,1.5,-0.00328435027060927
2025-08-23 02:15:00+00:00,BTCUSDT,MeanReversion,4,1,-0.0012941379608045755,1.5,-0.0024941379608045757
2025-08-24 19:30:00+00:00,BTCUSDT,MeanReversion,4,1,-0.0005627138378940799,1.5,-0.00176271383789408
2025-08-25 20:00:00+00:00,BTCUSDT,MeanReversion,4,1,-0.00510633114152903,1.5,-0.00630633114152903
2025-08-28 16:45:00+00:00,BTCUSDT,MeanReversion,4,1,0.000495176482323334,1.5,-0.0007048235176766661
2025-08-31 23:15:00+00:00,BTCUSDT,MeanReversion,4,1,-0.005137686490358173,1.5,-0.006337686490358173
2025-09-01 21:30:00+00:00,BTCUSDT,MeanReversion,4,1,0.004365090435672014,1.5,0.0031650904356720143
2025-09-02 12:00:00+00:00,BTCUSDT,MeanReversion,4,1,-0.0020884271510160923,1.5,-0.0032884271510160924
2025-09-04 14:00:00+00:00,BTCUSDT,MeanReversion,4,1,-0.0031738772773526325,1.5,-0.004373877277352632
2025-09-06 15:45:00+00:00,BTCUSDT,MeanReversion,4,1,-0.0010695749436659963,1.5,-0.0022695749436659964
2025-09-22 00:30:00+00:00,BTCUSDT,MeanReversion,4,1,-0.002153403893897843,1.5,-0.003353403893897843
2025-09-22 06:00:00+00:00,BTCUSDT,MeanReversion,4,1,-0.0025226431349840706,1.5,-0.0037226431349840707
2025-09-23 17:30:00+00:00,BTCUSDT,MeanReversion,4,1,-0.002645056147165814,1.5,-0.003845056147165814
2025-09-25 01:30:00+00:00,BTCUSDT,MeanReversion,4,1,0.00189889936632337,1.5,0.0006988993663233699
2025-09-25 13:30:00+00:00,BTCUSDT,MeanReversion,4,1,0.006967410122126205,1.5,0.005767410122126206
2025-09-25 17:00:00+00:00,BTCUSDT,MeanReversion,4,1,-0.008267961150938086,1.5,-0.009467961150938085
2025-07-01 14:30:00+00:00,ETHUSDT,MeanReversion,4,1,0.0018544120934160802,1.5,0.0005044120934160801
2025-07-04 14:00:00+00:00,ETHUSDT,MeanReversion,4,1,-0.002729805013927611,1.5,-0.004079805013927611
2025-07-05 16:30:00+00:00,ETHUSDT,MeanReversion,4,1,0.002038568596431478,1.5,0.0006885685964314781
2025-07-23 13:45:00+00:00,ETHUSDT,MeanReversion,4,1,0.008275108318045232,1.5,0.006925108318045232
2025-07-30 09:30:00+00:00,ETHUSDT,MeanReversion,4,1,0.006188443122172593,1.5,0.004838443122172593
2025-07-30 11:15:00+00:00,ETHUSDT,MeanReversion,4,1,0.005422285460014997,1.5,0.004072285460014997
2025-08-15 15:15:00+00:00,ETHUSDT,MeanReversion,4,1,-0.0089248660255139,1.5,-0.0102748660255139
2025-08-25 19:30:00+00:00,ETHUSDT,MeanReversion,4,1,-0.021327624468992723,1.5,-0.022677624468992724
2025-08-29 07:00:00+00:00,ETHUSDT,MeanReversion,4,1,-0.004524268705585532,1.5,-0.005874268705585533
2025-08-30 01:45:00+00:00,ETHUSDT,MeanReversion,4,1,0.00928000225197212,1.5,0.007930002251972119
2025-08-30 13:00:00+00:00,ETHUSDT,MeanReversion,4,1,0.0003062829455668936,1.5,-0.0010437170544331065
2025-08-31 23:15:00+00:00,ETHUSDT,MeanReversion,4,1,-0.007639981206463475,1.5,-0.008989981206463476
2025-09-02 11:45:00+00:00,ETHUSDT,MeanReversion,4,1,-0.01626994627305256,1.5,-0.01761994627305256
2025-09-04 02:15:00+00:00,ETHUSDT,MeanReversion,4,1,-0.006603582291314747,1.5,-0.007953582291314747
2025-09-06 15:00:00+00:00,ETHUSDT,MeanReversion,4,1,-0.0004987449423048407,1.5,-0.0018487449423048407
2025-09-07 17:00:00+00:00,ETHUSDT,MeanReversion,4,1,0.00047947720612140365,1.5,-0.0008705227938785964
2025-09-09 14:15:00+00:00,ETHUSDT,MeanReversion,4,1,-0.007362880527368221,1.5,-0.008712880527368221
2025-09-15 08:45:00+00:00,ETHUSDT,MeanReversion,4,1,0.003600050573723257,1.5,0.002250050573723257
2025-09-16 13:30:00+00:00,ETHUSDT,MeanReversion,4,1,-0.0033573249194354116,1.5,-0.004707324919435412
2025-09-17 17:45:00+00:00,ETHUSDT,MeanReversion,4,1,0.006389516493447767,1.5,0.005039516493447766
2025-09-19 15:00:00+00:00,ETHUSDT,MeanReversion,4,1,0.004315311397353971,1.5,0.0029653113973539713
2025-09-22 00:30:00+00:00,ETHUSDT,MeanReversion,4,1,-0.0035283321862812356,1.5,-0.004878332186281236
2025-09-23 17:30:00+00:00,ETHUSDT,MeanReversion,4,1,0.0015786577064564877,1.5,0.00022865770645648766
2025-09-24 04:00:00+00:00,ETHUSDT,MeanReversion,4,1,0.012550636927131542,1.5,0.011200636927131542
2025-09-24 13:45:00+00:00,ETHUSDT,MeanReversion,4,1,0.010432711661351624,1.5,0.009082711661351623
2025-09-25 01:30:00+00:00,ETHUSDT,MeanReversion,4,1,0.004070875360671744,1.5,0.002720875360671744
2025-09-25 12:15:00+00:00,ETHUSDT,MeanReversion,4,1,0.015527209416828835,1.5,0.014177209416828835
2025-09-25 17:00:00+00:00,ETHUSDT,MeanReversion,4,1,-0.00984527749980768,1.5,-0.011195277499807681
2025-09-27 08:00:00+00:00,ETHUSDT,MeanReversion,4,1,-0.0034746159997792736,1.5,-0.004824615999779274
2025-07-02 12:15:00+00:00,SOLUSDT,MeanReversion,4,1,0.004944794418478837,1.5,0.0031447944184788373
2025-07-04 08:00:00+00:00,SOLUSDT,MeanReversion,4,1,0.00696397482255251,1.5,0.0051639748225525105
2025-07-05 16:30:00+00:00,SOLUSDT,MeanReversion,4,1,0.006166917911470504,1.5,0.004366917911470505
2025-07-24 05:45:00+00:00,SOLUSDT,MeanReversion,4,1,-0.004344478662560491,1.5,-0.006144478662560491
2025-07-30 19:00:00+00:00,SOLUSDT,MeanReversion,4,1,0.021317047876937334,1.5,0.019517047876937334
2025-07-31 13:00:00+00:00,SOLUSDT,MeanReversion,4,1,-0.0024759439536322647,1.5,-0.004275943953632264
2025-08-01 13:45:00+00:00,SOLUSDT,MeanReversion,4,1,0.02246512470559825,1.5,0.02066512470559825
2025-08-07 02:30:00+00:00,SOLUSDT,MeanReversion,4,1,0.0007788161993771414,1.5,-0.0010211838006228585
2025-08-19 03:30:00+00:00,SOLUSDT,MeanReversion,4,1,0.0005581291510856623,1.5,-0.0012418708489143377
2025-08-20 11:30:00+00:00,SOLUSDT,MeanReversion,4,1,0.0179701058052959,1.5,0.0161701058052959
2025-08-25 19:15:00+00:00,SOLUSDT,MeanReversion,4,1,-0.02293151533932447,1.5,-0.02473151533932447
2025-08-31 23:15:00+00:00,SOLUSDT,MeanReversion,4,1,-0.016702905712591587,1.5,-0.018502905712591586
2025-09-01 21:30:00+00:00,SOLUSDT,MeanReversion,4,1,-0.001798930921052655,1.5,-0.003598930921052655
2025-09-02 12:00:00+00:00,SOLUSDT,MeanReversion,4,1,-0.007732215903422213,1.5,-0.009532215903422212
2025-09-04 14:00:00+00:00,SOLUSDT,MeanReversion,4,1,-0.005314221637170324,1.5,-0.007114221637170324
2025-09-06 17:30:00+00:00,SOLUSDT,MeanReversion,4,1,-0.0020505126281570307,1.5,-0.0038505126281570307
2025-09-15 08:45:00+00:00,SOLUSDT,MeanReversion,4,1,0.014999999999999902,1.5,0.013199999999999903
2025-09-16 13:30:00+00:00,SOLUSDT,MeanReversion,4,1,-0.0008146464863010294,1.5,-0.0026146464863010294
2025-09-19 15:00:00+00:00,SOLUSDT,MeanReversion,4,1,0.006039361432553347,1.5,0.004239361432553348
2025-09-21 16:30:00+00:00,SOLUSDT,MeanReversion,4,1,0.003217203572789318,1.5,0.0014172035727893178
2025-09-22 00:15:00+00:00,SOLUSDT,MeanReversion,4,1,-0.004389703375383469,1.5,-0.006189703375383469
2025-09-22 05:45:00+00:00,SOLUSDT,MeanReversion,4,1,-0.0028453296581159027,1.5,-0.004645329658115902
2025-09-23 17:30:00+00:00,SOLUSDT,MeanReversion,4,1,-0.0005086234799094314,1.5,-0.0023086234799094313
2025-09-24 03:15:00+00:00,SOLUSDT,MeanReversion,4,1,-0.003214200047973126,1.5,-0.005014200047973125
2025-09-25 12:15:00+00:00,SOLUSDT,MeanReversion,4,1,0.014226616890323784,1.5,0.012426616890323785
2025-09-26 10:00:00+00:00,SOLUSDT,MeanReversion,4,1,-0.008054040010392227,1.5,-0.009854040010392227
2025-09-30 09:00:00+00:00,SOLUSDT,MeanReversion,4,1,-0.0005819310411716572,1.5,-0.002381931041171657
2024-01-10 12:45:00+00:00,BTCUSDT,MeanReversion,12,1,0.019915307346595412,2.0,0.01831530734659541
2024-01-12 14:30:00+00:00,BTCUSDT,MeanReversion,12,1,-0.03775063002308254,2.0,-0.03935063002308254
2024-01-14 21:15:00+00:00,BTCUSDT,MeanReversion,12,1,-0.0020019546270945154,2.0,-0.0036019546270945153
2024-01-15 14:15:00+00:00,BTCUSDT,MeanReversion,12,1,0.006062491017004623,2.0,0.004462491017004623
2024-01-16 14:30:00+00:00,BTCUSDT,MeanReversion,12,1,0.02347568360905683,2.0,0.02187568360905683
2024-01-18 16:45:00+00:00,BTCUSDT,MeanReversion,12,1,-0.022398394428170043,2.0,-0.023998394428170044
2024-01-19 14:15:00+00:00,BTCUSDT,MeanReversion,12,1,-0.007944877843240938,2.0,-0.009544877843240939
2024-01-22 01:15:00+00:00,BTCUSDT,MeanReversion,12,1,-0.0069115998149803515,2.0,-0.008511599814980352
2024-01-22 10:15:00+00:00,BTCUSDT,MeanReversion,12,1,0.01779518081241127,2.0,0.01619518081241127
2024-01-22 19:30:00+00:00,BTCUSDT,MeanReversion,12,1,0.005620235883044611,2.0,0.004020235883044611
2024-01-23 09:00:00+00:00,BTCUSDT,MeanReversion,12,1,-0.006949467480121596,2.0,-0.008549467480121597
2024-01-31 09:45:00+00:00,BTCUSDT,MeanReversion,12,1,-0.0005300411368209801,2.0,-0.00213004113682098
2024-02-04 19:00:00+00:00,BTCUSDT,MeanReversion,12,1,0.0036822046320728052,2.0,0.0020822046320728054
2024-02-17 14:30:00+00:00,BTCUSDT,MeanReversion,12,1,0.007850971284614872,2.0,0.006250971284614872
2024-02-26 09:15:00+00:00,BTCUSDT,MeanReversion,12,1,0.0012958946371102176,2.0,-0.0003041053628897825
2024-03-15 03:15:00+00:00,BTCUSDT,MeanReversion,12,1,0.014083755510035934,2.0,0.012483755510035933
2024-03-16 11:15:00+00:00,BTCUSDT,MeanReversion,12,1,-0.0004399478536726287,2.0,-0.0020399478536726285
2024-03-16 18:00:00+00:00,BTCUSDT,MeanReversion,12,1,-0.001264928842165447,2.0,-0.002864928842165447
2024-03-18 00:30:00+00:00,BTCUSDT,MeanReversion,12,1,0.007112822031388744,2.0,0.005512822031388744
2024-03-18 14:30:00+00:00,BTCUSDT,MeanReversion,12,1,0.004444855866926112,2.0,0.002844855866926112
2024-03-19 01:30:00+00:00,BTCUSDT,MeanReversion,12,1,-0.010602821977197974,2.0,-0.012202821977197974
2024-03-21 15:00:00+00:00,BTCUSDT,MeanReversion,12,1,-0.01623051795421948,2.0,-0.017830517954219482
2024-01-05 01:45:00+00:00,ETHUSDT,MeanReversion,12,1,0.002412157272654314,2.0,0.000612157272654314
2024-01-13 10:00:00+00:00,ETHUSDT,MeanReversion,12,1,0.008045112781954966,2.0,0.006245112781954967
2024-01-14 11:00:00+00:00,ETHUSDT,MeanReversion,12,1,0.0008706854776754369,2.0,-0.000929314522324563
2024-01-14 19:45:00+00:00,ETHUSDT,MeanReversion,12,1,0.0030255553512761324,2.0,0.0012255553512761324
2024-01-18 17:00:00+00:00,ETHUSDT,MeanReversion,12,1,-0.009281474678243584,2.0,-0.011081474678243584
2024-01-19 16:15:00+00:00,ETHUSDT,MeanReversion,12,1,0.01872230020338761,2.0,0.01692230020338761
2024-01-21 15:30:00+00:00,ETHUSDT,MeanReversion,12,1,0.0039746272772993585,2.0,0.0021746272772993585
2024-01-21 23:00:00+00:00,ETHUSDT,MeanReversion,12,1,-0.0075633604441947,2.0,-0.0093633604441947
2024-01-22 10:15:00+00:00,ETHUSDT,MeanReversion,12,1,0.0136589246347254,2.0,0.0118589246347254
2024-01-22 19:15:00+00:00,ETHUSDT,MeanReversion,12,1,-0.005306762490332906,2.0,-0.007106762490332905
2024-01-23 08:45:00+00:00,ETHUSDT,MeanReversion,12,1,-0.03292774902890816,2.0,-0.03472774902890816
2024-02-02 13:45:00+00:00,ETHUSDT,MeanReversion,12,1,0.005878502225713511,2.0,0.004078502225713512
2024-02-04 19:00:00+00:00,ETHUSDT,MeanReversion,12,1,0.00952711580631127,2.0,0.007727115806311271
2024-02-17 13:30:00+00:00,ETHUSDT,MeanReversion,12,1,0.0012181552402492635,2.0,-0.0005818447597507365
2024-03-10 22:15:00+00:00,ETHUSDT,MeanReversion,12,1,-0.007812885675163805,2.0,-0.009612885675163805
2024-03-14 13:30:00+00:00,ETHUSDT,MeanReversion,12,1,-0.005600593698882661,2.0,-0.0074005936988826605
2024-03-15 03:15:00+00:00,ETHUSDT,MeanReversion,12,1,0.019444482284188602,2.0,0.017644482284188603
2024-03-16 11:15:00+00:00,ETHUSDT,MeanReversion,12,1,-0.004710136049420943,2.0,-0.006510136049420943
2024-03-17 06:45:00+00:00,ETHUSDT,MeanReversion,12,1,0.03282780640011618,2.0,0.031027806400116178
2024-03-18 00:45:00+00:00,ETHUSDT,MeanReversion,12,1,0.006344844534553085,2.0,0.004544844534553085
2024-03-19 01:00:00+00:00,ETHUSDT,MeanReversion,12,1,-0.003907729786750358,2.0,-0.0057077297867503575
2024-03-21 18:00:00+00:00,ETHUSDT,MeanReversion,12,1,0.012169943003373263,2.0,0.010369943003373263
2024-03-23 23:45:00+00:00,ETHUSDT,MeanReversion,12,1,0.004521219108004848,2.0,0.002721219108004848
2024-03-24 17:00:00+00:00,ETHUSDT,MeanReversion,12,1,0.017652197848226914,2.0,0.015852197848226914
2024-03-29 15:30:00+00:00,ETHUSDT,MeanReversion,12,1,-0.0005492163655035354,2.0,-0.0023492163655035353
2024-01-03 11:00:00+00:00,SOLUSDT,MeanReversion,12,1,-0.07774684290044565,2.0,-0.08014684290044564
2024-01-06 05:15:00+00:00,SOLUSDT,MeanReversion,12,1,-0.012948290241868277,2.0,-0.015348290241868276
2024-01-07 22:15:00+00:00,SOLUSDT,MeanReversion,12,1,-0.0038115229519969374,2.0,-0.006211522951996937
2024-01-09 12:45:00+00:00,SOLUSDT,MeanReversion,12,1,0.013104869408098407,2.0,0.010704869408098408
2024-01-10 12:45:00+00:00,SOLUSDT,MeanReversion,12,1,0.012874206713818559,2.0,0.01047420671381856
2024-01-12 15:15:00+00:00,SOLUSDT,MeanReversion,12,1,-0.015680809332094592,2.0,-0.01808080933209459
2024-01-12 22:15:00+00:00,SOLUSDT,MeanReversion,12,1,0.03571672316127117,2.0,0.03331672316127117
2024-01-15 14:45:00+00:00,SOLUSDT,MeanReversion,12,1,0.0169786538810639,2.0,0.0145786538810639
2024-01-16 14:30:00+00:00,SOLUSDT,MeanReversion,12,1,0.026551767997964992,2.0,0.024151767997964993
2024-01-18 17:00:00+00:00,SOLUSDT,MeanReversion,12,1,-0.01607638925564847,2.0,-0.01847638925564847
2024-01-19 14:15:00+00:00,SOLUSDT,MeanReversion,12,1,-0.035140573051721025,2.0,-0.037540573051721024
2024-01-21 23:00:00+00:00,SOLUSDT,MeanReversion,12,1,-0.011200368231284341,2.0,-0.01360036823128434
2024-01-22 10:15:00+00:00,SOLUSDT,MeanReversion,12,1,0.036526030444150814,2.0,0.034126030444150815
2024-01-23 08:00:00+00:00,SOLUSDT,MeanReversion,12,1,-0.023480242235192406,2.0,-0.025880242235192405
2024-01-31 10:30:00+00:00,SOLUSDT,MeanReversion,12,1,0.01256761703339171,2.0,0.01016761703339171
2024-02-05 15:45:00+00:00,SOLUSDT,MeanReversion,12,1,0.0033488566793993257,2.0,0.000948856679399326
2024-02-06 10:30:00+00:00,SOLUSDT,MeanReversion,12,1,0.0030609741790297296,2.0,0.0006609741790297298
2024-02-07 03:45:00+00:00,SOLUSDT,MeanReversion,12,1,0.004357161560618161,2.0,0.0019571615606181615
2024-02-12 02:30:00+00:00,SOLUSDT,MeanReversion,12,1,0.0008517726334915654,2.0,-0.0015482273665084344
2024-02-16 15:00:00+00:00,SOLUSDT,MeanReversion,12,1,4.607360719477427e-05,2.0,-0.0023539263928052255
2024-02-17 13:15:00+00:00,SOLUSDT,MeanReversion,12,1,-0.004515786631409391,2.0,-0.00691578663140939
2024-02-20 15:15:00+00:00,SOLUSDT,MeanReversion,12,1,0.00825178423394668,2.0,0.00585178423394668
2024-02-21 18:15:00+00:00,SOLUSDT,MeanReversion,12,1,0.025117113525366275,2.0,0.022717113525366275
2024-02-22 22:15:00+00:00,SOLUSDT,MeanReversion,12,1,0.0014945638901642244,2.0,-0.0009054361098357754
2024-02-23 16:00:00+00:00,SOLUSDT,MeanReversion,12,1,0.023881502451847725,2.0,0.021481502451847725
2024-02-26 09:30:00+00:00,SOLUSDT,MeanReversion,12,1,-0.0008171060662741647,2.0,-0.0032171060662741645
2024-03-10 22:30:00+00:00,SOLUSDT,MeanReversion,12,1,-0.019875555555555424,2.0,-0.022275555555555424
2024-03-22 01:45:00+00:00,SOLUSDT,MeanReversion,12,1,0.0268195065531438,2.0,0.024419506553143802
2024-04-01 15:00:00+00:00,BTCUSDT,MeanReversion,12,1,0.0005735225227987417,2.0,-0.0010264774772012584
2024-04-02 02:15:00+00:00,BTCUSDT,MeanReversion,12,1,-0.029549738433932604,2.0,-0.031149738433932605
2024-04-02 11:15:00+00:00,BTCUSDT,MeanReversion,12,1,0.009769107743591965,2.0,0.008169107743591964
2024-04-05 05:15:00+00:00,BTCUSDT,MeanReversion,12,1,0.011053883557760713,2.0,0.009453883557760712
2024-04-09 15:00:00+00:00,BTCUSDT,MeanReversion,12,1,-0.0010533417484602792,2.0,-0.002653341748460279
2024-04-10 12:30:00+00:00,BTCUSDT,MeanReversion,12,1,0.007666508356847013,2.0,0.006066508356847013
2024-04-13 17:15:00+00:00,BTCUSDT,MeanReversion,12,1,-0.07067210263686452,2.0,-0.07227210263686452
2024-04-14 17:15:00+00:00,BTCUSDT,MeanReversion,12,1,0.01599683042789235,2.0,0.01439683042789235
2024-04-15 14:00:00+00:00,BTCUSDT,MeanReversion,12,1,-0.010836471282967608,2.0,-0.012436471282967609
2024-04-16 04:30:00+00:00,BTCUSDT,MeanReversion,12,1,0.02016437755580669,2.0,0.01856437755580669
2024-04-19 01:00:00+00:00,BTCUSDT,MeanReversion,12,1,0.002147629397086126,2.0,0.0005476293970861259
2024-04-21 16:00:00+00:00,BTCUSDT,MeanReversion,12,1,0.0030828110025959976,2.0,0.0014828110025959975
2024-04-25 10:15:00+00:00,BTCUSDT,MeanReversion,12,1,-0.0038312424419677527,2.0,-0.0054312424419677525
2024-04-26 13:15:00+00:00,BTCUSDT,MeanReversion,12,1,-0.0018010815894662358,2.0,-0.0034010815894662356
2024-04-27 00:30:00+00:00,BTCUSDT,MeanReversion,12,1,0.0015322689489269958,2.0,-6.773105107300424e-05
2024-04-28 22:30:00+00:00,BTCUSDT,MeanReversion,12,1,-0.00018826760578982693,2.0,-0.001788267605789827
2024-04-30 08:45:00+00:00,BTCUSDT,MeanReversion,12,1,-0.011674339714077941,2.0,-0.013274339714077942
2024-05-01 07:00:00+00:00,BTCUSDT,MeanReversion,12,1,-0.02617733907604769,2.0,-0.02777733907604769
2024-05-10 14:00:00+00:00,BTCUSDT,MeanReversion,12,1,-0.029396855145768952,2.0,-0.030996855145768953
2024-05-11 11:00:00+00:00,BTCUSDT,MeanReversion,12,1,0.006523549551216812,2.0,0.004923549551216812
2024-05-23 13:30:00+00:00,BTCUSDT,MeanReversion,12,1,-0.009830495172680531,2.0,-0.011430495172680532
2024-05-24 05:30:00+00:00,BTCUSDT,MeanReversion,12,1,-0.0020268381325133644,2.0,-0.0036268381325133643
2024-05-29 16:00:00+00:00,BTCUSDT,MeanReversion,12,1,0.004835687732341887,2.0,0.003235687732341887
2024-05-30 08:00:00+00:00,BTCUSDT,MeanReversion,12,1,0.011515349833412625,2.0,0.009915349833412624
2024-06-02 09:15:00+00:00,BTCUSDT,MeanReversion,12,1,0.0075436373020369984,2.0,0.005943637302036999
2024-06-11 01:45:00+00:00,BTCUSDT,MeanReversion,12,1,-0.010203458178041136,2.0,-0.011803458178041137
2024-06-11 15:30:00+00:00,BTCUSDT,MeanReversion,12,1,0.016423346623669843,2.0,0.014823346623669843
2024-06-13 15:30:00+00:00,BTCUSDT,MeanReversion,12,1,0.0034967134796879407,2.0,0.0018967134796879406
2024-06-14 15:45:00+00:00,BTCUSDT,MeanReversion,12,1,-0.013095811991563733,2.0,-0.014695811991563733
2024-06-15 20:15:00+00:00,BTCUSDT,MeanReversion,12,1,0.004104684615314769,2.0,0.002504684615314769
2024-06-17 09:45:00+00:00,BTCUSDT,MeanReversion,12,1,-0.0013440635165147263,2.0,-0.002944063516514726
2024-06-18 01:30:00+00:00,BTCUSDT,MeanReversion,12,1,0.01663325877827737,2.0,0.01503325877827737
2024-06-21 07:45:00+00:00,BTCUSDT,MeanReversion,12,1,-0.004822412140948473,2.0,-0.006422412140948473
2024-06-23 16:45:00+00:00,BTCUSDT,MeanReversion,12,1,0.0035774591902046904,2.0,0.0019774591902046905
2024-06-24 09:30:00+00:00,BTCUSDT,MeanReversion,12,1,0.0009352376584661481,2.0,-0.0006647623415338519
2024-06-28 14:30:00+00:00,BTCUSDT,MeanReversion,12,1,0.00021518305343115607,2.0,-0.001384816946568844
2024-04-01 15:00:00+00:00,ETHUSDT,MeanReversion,12,1,-0.011779923714262619,2.0,-0.013579923714262618
2024-04-02 02:30:00+00:00,ETHUSDT,MeanReversion,12,1,0.0021468569418023886,2.0,0.00034685694180238867
2024-04-02 11:15:00+00:00,ETHUSDT,MeanReversion,12,1,0.006190396519993202,2.0,0.0043903965199932025
2024-04-04 02:15:00+00:00,ETHUSDT,MeanReversion,12,1,0.0034609679723123232,2.0,0.0016609679723123233
2024-04-04 20:00:00+00:00,ETHUSDT,MeanReversion,12,1,0.007996562960452813,2.0,0.006196562960452814
2024-04-10 12:30:00+00:00,ETHUSDT,MeanReversion,12,1,0.008064188385014104,2.0,0.006264188385014104
2024-04-12 13:30:00+00:00,ETHUSDT,MeanReversion,12,1,-0.009107499732472712,2.0,-0.010907499732472712
2024-04-12 17:15:00+00:00,ETHUSDT,MeanReversion,12,1,-0.021489237297841468,2.0,-0.023289237297841468
2024-04-13 17:00:00+00:00,ETHUSDT,MeanReversion,12,1,-0.09075600598044287,2.0,-0.09255600598044286
2024-04-13 20:15:00+00:00,ETHUSDT,MeanReversion,12,1,0.033573838177039406,2.0,0.0317738381770394
2024-04-15 14:00:00+00:00,ETHUSDT,MeanReversion,12,1,-0.005359056806002127,2.0,-0.007159056806002127
2024-04-17 14:15:00+00:00,ETHUSDT,MeanReversion,12,1,0.0024866581871285653,2.0,0.0006866581871285654
2024-04-19 01:00:00+00:00,ETHUSDT,MeanReversion,12,1,-0.004842888460771966,2.0,-0.006642888460771965
2024-04-21 16:30:00+00:00,ETHUSDT,MeanReversion,12,1,0.008401666890711201,2.0,0.006601666890711202
2024-04-25 10:00:00+00:00,ETHUSDT,MeanReversion,12,1,-0.002061404073849693,2.0,-0.003861404073849693
2024-04-27 00:30:00+00:00,ETHUSDT,MeanReversion,12,1,0.010875970548428704,2.0,0.009075970548428704
2024-04-29 13:30:00+00:00,ETHUSDT,MeanReversion,12,1,0.01439793930695088,2.0,0.01259793930695088
2024-04-30 08:30:00+00:00,ETHUSDT,MeanReversion,12,1,-0.02739084517277124,2.0,-0.02919084517277124
2024-05-01 07:00:00+00:00,ETHUSDT,MeanReversion,12,1,-0.010865517241379408,2.0,-0.012665517241379407
2024-05-07 03:15:00+00:00,ETHUSDT,MeanReversion,12,1,0.008893280632411127,2.0,0.007093280632411127
2024-05-08 20:15:00+00:00,ETHUSDT,MeanReversion,12,1,0.00431849949064711,2.0,0.0025184994906471097
2024-05-10 14:15:00+00:00,ETHUSDT,MeanReversion,12,1,-0.0298823537295978,2.0,-0.0316823537295978
2024-05-13 01:30:00+00:00,ETHUSDT,MeanReversion,12,1,-0.010710640885990275,2.0,-0.012510640885990274
2024-05-14 06:00:00+00:00,ETHUSDT,MeanReversion,12,1,0.005785052693309423,2.0,0.003985052693309423
2024-05-29 08:00:00+00:00,ETHUSDT,MeanReversion,12,1,0.0070542882647082195,2.0,0.00525428826470822
2024-05-30 06:45:00+00:00,ETHUSDT,MeanReversion,12,1,-0.0015654469003617555,2.0,-0.0033654469003617554
2024-06-04 00:15:00+00:00,ETHUSDT,MeanReversion,12,1,0.0067607180165008,2.0,0.0049607180165008
2024-06-07 17:45:00+00:00,ETHUSDT,MeanReversion,12,1,-0.008632815435989483,2.0,-0.010432815435989482
2024-06-10 07:45:00+00:00,ETHUSDT,MeanReversion,12,1,0.008199147200999679,2.0,0.00639914720099968
2024-06-11 01:45:00+00:00,ETHUSDT,MeanReversion,12,1,-0.016879207396748197,2.0,-0.018679207396748197
2024-06-11 15:30:00+00:00,ETHUSDT,MeanReversion,12,1,0.01443172015997174,2.0,0.01263172015997174
2024-06-13 15:30:00+00:00,ETHUSDT,MeanReversion,12,1,0.006974099517266907,2.0,0.005174099517266908
2024-06-14 14:00:00+00:00,ETHUSDT,MeanReversion,12,1,-0.02679736691471102,2.0,-0.028597366914711018
2024-06-18 01:30:00+00:00,ETHUSDT,MeanReversion,12,1,0.021865159419259372,2.0,0.020065159419259373
2024-06-20 13:15:00+00:00,ETHUSDT,MeanReversion,12,1,-0.010892846560428437,2.0,-0.012692846560428437
2024-06-21 07:45:00+00:00,ETHUSDT,MeanReversion,12,1,0.006238592329439241,2.0,0.004438592329439241
2024-06-22 08:00:00+00:00,ETHUSDT,MeanReversion,12,1,0.002571409712237349,2.0,0.0007714097122373492
2024-06-23 20:30:00+00:00,ETHUSDT,MeanReversion,12,1,-0.003170163170163165,2.0,-0.0049701631701631645
2024-06-24 05:15:00+00:00,ETHUSDT,MeanReversion,12,1,0.0020806373101900366,2.0,0.00028063731019003666
2024-06-24 09:30:00+00:00,ETHUSDT,MeanReversion,12,1,0.011239556400777895,2.0,0.009439556400777895
2024-06-26 15:00:00+00:00,ETHUSDT,MeanReversion,12,1,0.0020772150992049987,2.0,0.00027721509920499874
2024-06-30 02:15:00+00:00,ETHUSDT,MeanReversion,12,1,-0.0012626000053475028,2.0,-0.0030626000053475028
2024-04-01 15:00:00+00:00,SOLUSDT,MeanReversion,12,1,-0.00486886831852229,2.0,-0.00726886831852229
2024-04-02 02:30:00+00:00,SOLUSDT,MeanReversion,12,1,-0.0030041286397219924,2.0,-0.005404128639721992
2024-04-02 11:15:00+00:00,SOLUSDT,MeanReversion,12,1,0.016571977679248784,2.0,0.014171977679248784
2024-04-04 20:00:00+00:00,SOLUSDT,MeanReversion,12,1,-0.0018388672141433915,2.0,-0.004238867214143391
2024-04-09 14:30:00+00:00,SOLUSDT,MeanReversion,12,1,0.03170086074410827,2.0,0.029300860744108273
2024-04-10 12:30:00+00:00,SOLUSDT,MeanReversion,12,1,0.016987803472765517,2.0,0.014587803472765518
2024-04-12 18:30:00+00:00,SOLUSDT,MeanReversion,12,1,-0.013787695625183671,2.0,-0.01618769562518367
2024-04-13 15:00:00+00:00,SOLUSDT,MeanReversion,12,1,-0.05723944268984982,2.0,-0.05963944268984982
2024-04-13 20:00:00+00:00,SOLUSDT,MeanReversion,12,1,0.107051504721003,2.0,0.104651504721003
2024-04-17 12:00:00+00:00,SOLUSDT,MeanReversion,12,1,-0.02595810297491441,2.0,-0.02835810297491441
2024-04-19 01:30:00+00:00,SOLUSDT,MeanReversion,12,1,0.05502682387173041,2.0,0.05262682387173041
2024-04-19 23:00:00+00:00,SOLUSDT,MeanReversion,12,1,0.0038055626290918187,2.0,0.001405562629091819
2024-04-26 22:15:00+00:00,SOLUSDT,MeanReversion,12,1,-0.03763045295121903,2.0,-0.04003045295121903
2024-04-30 08:45:00+00:00,SOLUSDT,MeanReversion,12,1,-0.016239348897634787,2.0,-0.018639348897634786
2024-05-01 07:00:00+00:00,SOLUSDT,MeanReversion,12,1,-0.002795138602595615,2.0,-0.005195138602595614
2024-05-12 21:15:00+00:00,SOLUSDT,MeanReversion,12,1,0.013584226389819154,2.0,0.011184226389819155
2024-05-13 03:00:00+00:00,SOLUSDT,MeanReversion,12,1,0.007334397965156114,2.0,0.004934397965156115
2024-05-14 14:00:00+00:00,SOLUSDT,MeanReversion,12,1,-0.005490064933255323,2.0,-0.007890064933255322
2024-05-22 04:30:00+00:00,SOLUSDT,MeanReversion,12,1,0.02635429417290558,2.0,0.02395429417290558
2024-05-23 10:45:00+00:00,SOLUSDT,MeanReversion,12,1,-0.013947306340155508,2.0,-0.016347306340155507
2024-05-26 02:30:00+00:00,SOLUSDT,MeanReversion,12,1,0.006311458049680807,2.0,0.003911458049680808
2024-05-28 02:00:00+00:00,SOLUSDT,MeanReversion,12,1,-0.00615243232921181,2.0,-0.00855243232921181
2024-06-01 23:15:00+00:00,SOLUSDT,MeanReversion,12,1,0.0010766917293232314,2.0,-0.0013233082706767684
2024-06-02 17:45:00+00:00,SOLUSDT,MeanReversion,12,1,0.005765215302458104,2.0,0.0033652153024581045
2024-06-07 17:00:00+00:00,SOLUSDT,MeanReversion,12,1,-0.039070504419928986,2.0,-0.041470504419928986
2024-06-08 22:15:00+00:00,SOLUSDT,MeanReversion,12,1,0.006302053885101966,2.0,0.003902053885101966
2024-06-10 03:45:00+00:00,SOLUSDT,MeanReversion,12,1,-0.0036595893753049724,2.0,-0.006059589375304972
2024-06-11 13:30:00+00:00,SOLUSDT,MeanReversion,12,1,-0.02170747936307149,2.0,-0.02410747936307149
2024-06-12 01:30:00+00:00,SOLUSDT,MeanReversion,12,1,0.041144079709797055,2.0,0.038744079709797055
2024-06-13 15:30:00+00:00,SOLUSDT,MeanReversion,12,1,0.01176542889529264,2.0,0.00936542889529264
2024-06-14 14:00:00+00:00,SOLUSDT,MeanReversion,12,1,-0.03823591532502568,2.0,-0.04063591532502568
2024-06-17 10:15:00+00:00,SOLUSDT,MeanReversion,12,1,0.0073612485351186585,2.0,0.004961248535118659
2024-06-18 01:15:00+00:00,SOLUSDT,MeanReversion,12,1,-0.0074756732456456865,2.0,-0.009875673245645686
2024-06-22 23:30:00+00:00,SOLUSDT,MeanReversion,12,1,0.00667296474575263,2.0,0.00427296474575263
2024-06-23 10:45:00+00:00,SOLUSDT,MeanReversion,12,1,-0.002182345423427323,2.0,-0.0045823454234273225
2024-06-23 14:00:00+00:00,SOLUSDT,MeanReversion,12,1,-0.014348877322748033,2.0,-0.016748877322748032
2024-06-29 20:30:00+00:00,SOLUSDT,MeanReversion,12,1,-0.004705565058162886,2.0,-0.007105565058162885
2025-04-03 12:15:00+00:00,BTCUSDT,MeanReversion,4,1,-0.006911133055062413,2.0,-0.008511133055062414
2025-04-05 13:15:00+00:00,BTCUSDT,MeanReversion,4,1,0.0006088191807034349,2.0,-0.0009911808192965652
2025-04-06 17:30:00+00:00,BTCUSDT,MeanReversion,4,1,-0.024132244452914065,2.0,-0.025732244452914065
2025-04-09 01:00:00+00:00,BTCUSDT,MeanReversion,4,1,0.012003985386914717,2.0,0.010403985386914717
2025-04-10 13:30:00+00:00,BTCUSDT,MeanReversion,4,1,0.009023891426437558,2.0,0.007423891426437558
2025-04-10 15:15:00+00:00,BTCUSDT,MeanReversion,4,1,-0.017259330100586,2.0,-0.018859330100586002
2025-05-04 22:30:00+00:00,BTCUSDT,MeanReversion,4,1,-0.007525044817041082,2.0,-0.009125044817041083
2025-05-24 22:15:00+00:00,BTCUSDT,MeanReversion,4,1,-0.004641038619083604,2.0,-0.006241038619083604
2025-05-28 13:45:00+00:00,BTCUSDT,MeanReversion,4,1,-0.0049587358371430135,2.0,-0.006558735837143013
2025-05-28 15:00:00+00:00,BTCUSDT,MeanReversion,4,1,0.0013193240355069413,2.0,-0.00028067596449305875
2025-05-30 00:45:00+00:00,BTCUSDT,MeanReversion,4,1,0.006876992959995443,2.0,0.005276992959995443
2025-05-30 16:30:00+00:00,BTCUSDT,MeanReversion,4,1,-0.002897720249257496,2.0,-0.004497720249257496
2025-06-01 02:00:00+00:00,BTCUSDT,MeanReversion,4,1,0.0012464519432617838,2.0,-0.0003535480567382163
2025-06-08 09:15:00+00:00,BTCUSDT,MeanReversion,4,1,-0.0010366242189654429,2.0,-0.0026366242189654427
2025-06-14 16:45:00+00:00,BTCUSDT,MeanReversion,4,1,0.0014837065268720195,2.0,-0.00011629347312798054
2025-06-15 20:30:00+00:00,BTCUSDT,MeanReversion,4,1,-0.0002379341581718597,2.0,-0.0018379341581718598
2025-06-19 13:45:00+00:00,BTCUSDT,MeanReversion,4,1,-0.0012816577129701745,2.0,-0.0028816577129701744
2025-06-20 14:45:00+00:00,BTCUSDT,MeanReversion,4,1,0.0028486819430724175,2.0,0.0012486819430724174
2025-06-21 18:45:00+00:00,BTCUSDT,MeanReversion,4,1,-0.004028419162178443,2.0,-0.0056284191621784425
2025-06-22 13:15:00+00:00,BTCUSDT,MeanReversion,4,1,-0.015033559704595412,2.0,-0.016633559704595412
2025-06-22 14:30:00+00:00,BTCUSDT,MeanReversion,4,1,0.0012561381772173696,2.0,-0.00034386182278263043
2025-06-23 16:15:00+00:00,BTCUSDT,MeanReversion,4,1,0.01786795790633189,2.0,0.016267957906331888
2025-06-30 15:00:00+00:00,BTCUSDT,MeanReversion,4,1,0.008752749573224916,2.0,0.007152749573224916
2025-04-02 22:30:00+00:00,ETHUSDT,MeanReversion,4,1,0.0038344284862368294,2.0,0.0020344284862368295
2025-04-06 08:15:00+00:00,ETHUSDT,MeanReversion,4,1,0.004766572380765721,2.0,0.0029665723807657213
2025-04-06 13:45:00+00:00,ETHUSDT,MeanReversion,4,1,0.012291423470438767,2.0,0.010491423470438768
2025-04-06 17:15:00+00:00,ETHUSDT,MeanReversion,4,1,-0.043981917498587264,2.0,-0.04578191749858727
2025-04-07 06:30:00+00:00,ETHUSDT,MeanReversion,4,1,-0.0011715264581076967,2.0,-0.0029715264581076967
2025-04-08 14:45:00+00:00,ETHUSDT,MeanReversion,4,1,0.0002679143196937517,2.0,-0.0015320856803062483
2025-04-09 01:00:00+00:00,ETHUSDT,MeanReversion,4,1,0.016197316595404132,2.0,0.014397316595404133
2025-04-10 15:00:00+00:00,ETHUSDT,MeanReversion,4,1,-0.028758796770305572,2.0,-0.030558796770305572
2025-04-13 01:45:00+00:00,ETHUSDT,MeanReversion,4,1,0.005116814334504838,2.0,0.003316814334504838
2025-04-13 13:45:00+00:00,ETHUSDT,MeanReversion,4,1,0.007461263711819877,2.0,0.005661263711819877
2025-04-16 05:15:00+00:00,ETHUSDT,MeanReversion,4,1,0.0038258625755271947,2.0,0.0020258625755271947
2025-04-16 17:45:00+00:00,ETHUSDT,MeanReversion,4,1,0.013307184973754493,2.0,0.011507184973754494
2025-04-17 14:15:00+00:00,ETHUSDT,MeanReversion,4,1,0.0016183386325989702,2.0,-0.0001816613674010298
2025-04-20 07:15:00+00:00,ETHUSDT,MeanReversion,4,1,0.00028248587570622874,2.0,-0.0015175141242937712
2025-04-22 00:30:00+00:00,ETHUSDT,MeanReversion,4,1,0.015439041741170278,2.0,0.013639041741170279
2025-04-30 12:30:00+00:00,ETHUSDT,MeanReversion,4,1,-0.010892081147411692,2.0,-0.012692081147411691
2025-04-30 13:45:00+00:00,ETHUSDT,MeanReversion,4,1,0.010332501982599052,2.0,0.008532501982599052
2025-05-06 11:30:00+00:00,ETHUSDT,MeanReversion,4,1,0.000124000248000522,2.0,-0.001675999751999478
2025-05-15 14:30:00+00:00,ETHUSDT,MeanReversion,4,1,0.021103361931284814,2.0,0.019303361931284815
2025-05-17 00:15:00+00:00,ETHUSDT,MeanReversion,4,1,-0.0017045045333419218,2.0,-0.0035045045333419217
2025-05-24 21:15:00+00:00,ETHUSDT,MeanReversion,4,1,-0.0015699082510907125,2.0,-0.0033699082510907125
2025-05-25 00:30:00+00:00,ETHUSDT,MeanReversion,4,1,0.003138540718857996,2.0,0.0013385407188579962
2025-05-30 00:45:00+00:00,ETHUSDT,MeanReversion,4,1,0.00969194165396714,2.0,0.00789194165396714
2025-05-30 16:30:00+00:00,ETHUSDT,MeanReversion,4,1,-0.002147991941110483,2.0,-0.003947991941110483
2025-06-01 00:00:00+00:00,ETHUSDT,MeanReversion,4,1,0.002988427285571582,2.0,0.0011884272855715822
2025-06-01 02:00:00+00:00,ETHUSDT,MeanReversion,4,1,0.0017467248908298316,2.0,-5.327510917016833e-05
2025-06-02 03:00:00+00:00,ETHUSDT,MeanReversion,4,1,0.002315019138026564,2.0,0.0005150191380265639
2025-06-05 20:15:00+00:00,ETHUSDT,MeanReversion,4,1,-0.021885528694674306,2.0,-0.023685528694674305
2025-06-08 09:15:00+00:00,ETHUSDT,MeanReversion,4,1,-0.002465390480230978,2.0,-0.004265390480230977
2025-06-12 20:30:00+00:00,ETHUSDT,MeanReversion,4,1,-0.002332075471698003,2.0,-0.0041320754716980025
2025-06-14 15:30:00+00:00,ETHUSDT,MeanReversion,4,1,-0.0012386835701171384,2.0,-0.0030386835701171383
2025-06-14 16:45:00+00:00,ETHUSDT,MeanReversion,4,1,0.005624008588229534,2.0,0.0038240085882295344
2025-06-15 20:30:00+00:00,ETHUSDT,MeanReversion,4,1,0.006459093079141942,2.0,0.004659093079141943
2025-06-16 22:30:00+00:00,ETHUSDT,MeanReversion,4,1,0.005682352204016583,2.0,0.003882352204016583
2025-06-17 15:15:00+00:00,ETHUSDT,MeanReversion,4,1,-0.003907721657996244,2.0,-0.005707721657996243
2025-06-18 10:45:00+00:00,ETHUSDT,MeanReversion,4,1,0.007494286057981414,2.0,0.005694286057981415
2025-06-20 14:45:00+00:00,ETHUSDT,MeanReversion,4,1,0.0014947322741629687,2.0,-0.00030526772583703123
2025-06-20 17:15:00+00:00,ETHUSDT,MeanReversion,4,1,0.0005173305742369738,2.0,-0.0012826694257630261
2025-06-21 21:15:00+00:00,ETHUSDT,MeanReversion,4,1,-0.01570772428303835,2.0,-0.01750772428303835
2025-06-22 13:15:00+00:00,ETHUSDT,MeanReversion,4,1,-0.011381447056679428,2.0,-0.013181447056679427
2025-04-02 02:00:00+00:00,SOLUSDT,MeanReversion,4,1,0.006518065502534753,2.0,0.004118065502534754
2025-04-06 12:45:00+00:00,SOLUSDT,MeanReversion,4,1,-0.014951022512459167,2.0,-0.017351022512459166
2025-04-09 01:00:00+00:00,SOLUSDT,MeanReversion,4,1,0.023800234100663342,2.0,0.021400234100663343
2025-04-10 15:30:00+00:00,SOLUSDT,MeanReversion,4,1,-0.0056430326749795645,2.0,-0.008043032674979564
2025-04-27 01:45:00+00:00,SOLUSDT,MeanReversion,4,1,0.005127854505674767,2.0,0.0027278545056747673
2025-04-28 01:30:00+00:00,SOLUSDT,MeanReversion,4,1,0.0060049696300386035,2.0,0.0036049696300386037
2025-04-29 05:00:00+00:00,SOLUSDT,MeanReversion,4,1,0.009270704573547617,2.0,0.006870704573547617
2025-04-30 12:30:00+00:00,SOLUSDT,MeanReversion,4,1,-0.026753782668500814,2.0,-0.029153782668500813
2025-04-30 13:45:00+00:00,SOLUSDT,MeanReversion,4,1,0.008532423208191142,2.0,0.006132423208191143
2025-05-04 22:30:00+00:00,SOLUSDT,MeanReversion,4,1,-0.010062026188835338,2.0,-0.012462026188835337
2025-05-17 16:30:00+00:00,SOLUSDT,MeanReversion,4,1,0.007147616451632421,2.0,0.004747616451632422
2025-05-25 00:30:00+00:00,SOLUSDT,MeanReversion,4,1,-0.00622801453203381,2.0,-0.00862801453203381
2025-05-25 15:15:00+00:00,SOLUSDT,MeanReversion,4,1,-0.0015933903806431005,2.0,-0.0039933903806431
2025-05-27 01:00:00+00:00,SOLUSDT,MeanReversion,4,1,-0.0026062782346808477,2.0,-0.005006278234680847
2025-05-28 14:00:00+00:00,SOLUSDT,MeanReversion,4,1,-0.017908017908017992,2.0,-0.020308017908017992
2025-05-29 13:30:00+00:00,SOLUSDT,MeanReversion,4,1,-0.005155847199437513,2.0,-0.007555847199437513
2025-05-30 00:45:00+00:00,SOLUSDT,MeanReversion,4,1,0.0097675568743818,2.0,0.0073675568743818
2025-05-30 16:30:00+00:00,SOLUSDT,MeanReversion,4,1,0.0038022813688212143,2.0,0.0014022813688212145
2025-06-01 09:15:00+00:00,SOLUSDT,MeanReversion,4,1,-0.0027675276752766598,2.0,-0.005167527675276659
2025-06-03 20:15:00+00:00,SOLUSDT,MeanReversion,4,1,-0.003945024179180523,2.0,-0.006345024179180522
2025-06-08 09:15:00+00:00,SOLUSDT,MeanReversion,4,1,0.0018237082066867583,2.0,-0.0005762917933132415
2025-06-12 19:45:00+00:00,SOLUSDT,MeanReversion,4,1,-0.010275300504071327,2.0,-0.012675300504071327
2025-06-14 15:30:00+00:00,SOLUSDT,MeanReversion,4,1,-0.0013200861529910624,2.0,-0.003720086152991062
2025-06-20 14:45:00+00:00,SOLUSDT,MeanReversion,4,1,-0.007991105552081157,2.0,-0.010391105552081156
2025-06-21 21:30:00+00:00,SOLUSDT,MeanReversion,4,1,-0.002241314904743996,2.0,-0.0046413149047439956
2025-06-22 09:45:00+00:00,SOLUSDT,MeanReversion,4,1,0.006653561167397459,2.0,0.00425356116739746
2025-06-22 13:15:00+00:00,SOLUSDT,MeanReversion,4,1,-0.005006649456309131,2.0,-0.007406649456309131
